Date,Close-Last,Volume,Open,High,Low,,,
08-11-2022,186.57 ,441859,187.26 ,187.98 ,185.94 ,,,
08-10-2022,186.60 ,667469,185.28 ,187.27 ,185.04 ,,,
08-09-2022,183.17 ,449929,182.39 ,183.50 ,182.01 ,,,
08-08-2022,182.85 ,343781,182.09 ,183.96 ,181.75 ,,,
08-05-2022,182.07 ,487097,181.51 ,182.81 ,180.42 ,,,
08-04-2022,182.79 ,653769,180.73 ,183.12 ,180.65 ,,,
08-03-2022,180.17 ,620148,179.08 ,180.72 ,178.38 ,,,
08-02-2022,178.69 ,667811,178.17 ,179.71 ,177.19 ,,,
08-01-2022,178.86 ,634200,179.28 ,180.80 ,178.29 ,,,
07-29-2022,180.90 ,752576,179.17 ,181.34 ,178.68 ,,,
07-28-2022,179.42 ,1076430,174.41 ,180.26 ,173.92 ,,,
07-27-2022,173.99 ,848036,173.98 ,175.00 ,172.82 ,,,
07-26-2022,173.01 ,1107081,170.88 ,173.27 ,170.00 ,,,
07-25-2022,172.00 ,994844,172.74 ,173.99 ,170.78 ,,,
07-22-2022,172.60 ,1382953,174.07 ,174.90 ,171.48 ,,,
07-21-2022,174.00 ,1239982,169.60 ,174.05 ,168.43 ,,,
07-20-2022,169.04 ,1643956,162.53 ,169.99 ,162.50 ,,,
07-19-2022,159.32 ,735680,156.47 ,159.85 ,155.95 ,,,
07-18-2022,154.78 ,687121,157.76 ,158.46 ,154.29 ,,,
07-15-2022,157.07 ,643022,154.30 ,157.09 ,154.30 ,,,
07-14-2022,153.52 ,629173,152.32 ,154.01 ,151.54 ,,,
07-13-2022,154.34 ,531413,152.37 ,155.26 ,152.32 ,,,
07-12-2022,154.77 ,1194493,157.78 ,159.97 ,154.32 ,,,
07-11-2022,157.63 ,660606,156.03 ,158.30 ,155.42 ,,,
07-08-2022,156.56 ,701905,156.46 ,157.48 ,155.38 ,,,
07-07-2022,156.70 ,719604,156.52 ,157.90 ,155.79 ,,,
07-06-2022,156.79 ,911241,158.21 ,159.92 ,156.49 ,,,
07-05-2022,157.49 ,803043,155.01 ,157.74 ,153.60 ,,,
07-01-2022,155.59 ,882281,152.31 ,156.13 ,151.99 ,,,
06-30-2022,152.54 ,785966,151.55 ,154.04 ,150.99 ,,,
06-29-2022,153.06 ,774094,154.55 ,155.02 ,151.89 ,,,
06-28-2022,154.66 ,644371,157.93 ,159.34 ,154.56 ,,,
06-27-2022,157.93 ,749059,159.81 ,159.97 ,157.51 ,,,
06-24-2022,159.28 ,1588053,159.12 ,160.00 ,157.83 ,,,
06-23-2022,158.26 ,1538917,154.73 ,158.63 ,154.24 ,,,
06-22-2022,153.61 ,932803,151.40 ,154.97 ,150.00 ,,,
06-21-2022,152.63 ,1058715,150.00 ,153.56 ,150.00 ,,,
06-17-2022,148.85 ,2347718,148.42 ,150.57 ,147.60 ,,,
06-16-2022,148.55 ,1177098,147.93 ,149.34 ,146.26 ,,,
06-15-2022,149.92 ,1053836,146.33 ,151.61 ,146.24 ,,,
06-14-2022,145.87 ,1595863,147.15 ,147.22 ,144.18 ,,,
06-13-2022,146.86 ,1232258,146.76 ,148.44 ,144.87 ,,,
06-10-2022,150.19 ,1240794,151.31 ,151.91 ,148.75 ,,,
06-09-2022,152.75 ,806605,153.24 ,154.72 ,152.51 ,,,
06-08-2022,153.91 ,725069,154.19 ,156.32 ,153.31 ,,,
06-07-2022,154.76 ,556134,152.86 ,154.80 ,152.39 ,,,
06-06-2022,154.11 ,676090,155.23 ,156.74 ,153.56 ,,,
06-03-2022,154.07 ,582699,154.10 ,154.48 ,152.73 ,,,
06-02-2022,154.81 ,891468,152.61 ,154.82 ,151.41 ,,,
06-01-2022,152.27 ,582028,155.44 ,156.39 ,152.18 ,,,
05-31-2022,155.26 ,1636256,154.29 ,156.37 ,153.98 ,,,
05-27-2022,155.64 ,930050,152.52 ,155.69 ,151.18 ,,,
05-26-2022,150.93 ,790243,148.21 ,151.55 ,147.51 ,,,
05-25-2022,147.50 ,879871,146.22 ,148.39 ,145.70 ,,,
05-24-2022,146.63 ,779609,146.43 ,147.27 ,144.10 ,,,
05-23-2022,147.71 ,828208,147.45 ,148.44 ,145.72 ,,,
05-20-2022,146.13 ,1985594,144.26 ,146.34 ,143.54 ,,,
05-19-2022,143.08 ,1105108,140.90 ,143.77 ,140.31 ,,,
05-18-2022,142.09 ,722190,147.86 ,147.86 ,141.63 ,,,
05-17-2022,148.79 ,967512,148.64 ,149.26 ,147.33 ,,,
05-16-2022,146.13 ,651595,147.30 ,147.68 ,145.51 ,,,
05-13-2022,147.49 ,855264,145.27 ,148.52 ,145.27 ,,,
05-12-2022,144.33 ,788146,142.60 ,145.27 ,141.22 ,,,
05-11-2022,143.23 ,999396,145.04 ,147.34 ,143.13 ,,,
05-10-2022,145.78 ,1121841,148.58 ,149.87 ,144.21 ,,,
05-09-2022,146.18 ,736437,150.59 ,150.65 ,145.70 ,,,
05-06-2022,152.29 ,675122,153.92 ,154.22 ,150.57 ,,,
05-05-2022,154.90 ,851539,158.84 ,159.78 ,153.54 ,,,
05-04-2022,160.10 ,1454291,157.80 ,160.40 ,156.35 ,,,
05-03-2022,157.84 ,772902,156.16 ,158.83 ,156.10 ,,,
05-02-2022,156.69 ,921605,157.25 ,158.78 ,153.34 ,,,
04-29-2022,157.37 ,926035,161.73 ,162.08 ,157.06 ,,,
04-28-2022,162.55 ,1340544,160.61 ,163.24 ,159.43 ,,,
04-27-2022,160.05 ,2080497,161.33 ,163.44 ,159.85 ,,,
04-26-2022,161.67 ,899987,166.60 ,167.08 ,161.60 ,,,
04-25-2022,166.64 ,1177848,166.01 ,167.39 ,164.70 ,,,
04-22-2022,166.85 ,830410,169.19 ,170.18 ,166.76 ,,,
04-21-2022,169.44 ,1041312,173.11 ,173.62 ,168.70 ,,,
04-20-2022,172.81 ,1261281,179.50 ,179.50 ,171.73 ,,,
04-19-2022,181.04 ,630569,177.79 ,181.20 ,177.79 ,,,
04-18-2022,178.34 ,453449,177.53 ,178.84 ,176.65 ,,,
04-14-2022,178.55 ,426551,181.71 ,182.37 ,178.43 ,,,
04-13-2022,181.39 ,396769,180.48 ,181.80 ,179.00 ,,,
04-12-2022,180.06 ,668253,183.10 ,184.29 ,179.20 ,,,
04-11-2022,182.33 ,818394,182.38 ,183.23 ,179.19 ,,,
04-08-2022,183.42 ,576615,183.94 ,184.47 ,182.31 ,,,
04-07-2022,183.00 ,659214,182.85 ,183.86 ,181.63 ,,,
04-06-2022,183.58 ,883512,180.40 ,184.17 ,179.57 ,,,
04-05-2022,182.04 ,842706,181.92 ,184.69 ,181.72 ,,,
04-04-2022,182.36 ,874136,182.23 ,183.35 ,181.00 ,,,
04-01-2022,181.92 ,636814,179.82 ,182.08 ,178.16 ,,,
03-31-2022,178.20 ,1079161,182.60 ,183.88 ,177.88 ,,,
03-30-2022,181.88 ,826064,180.96 ,182.80 ,180.20 ,,,
03-29-2022,181.32 ,770717,178.74 ,182.10 ,178.72 ,,,
03-28-2022,177.54 ,440872,175.03 ,177.64 ,175.02 ,,,
03-25-2022,175.28 ,463664,175.31 ,176.02 ,174.20 ,,,
03-24-2022,174.63 ,335892,174.67 ,175.29 ,173.35 ,,,
03-23-2022,174.14 ,496134,177.15 ,177.15 ,174.03 ,,,
03-22-2022,177.51 ,687978,178.00 ,178.43 ,175.94 ,,,
03-21-2022,177.64 ,523891,179.23 ,179.46 ,176.65 ,,,
03-18-2022,179.23 ,949600,176.64 ,179.92 ,176.19 ,,,
03-17-2022,176.10 ,512882,173.30 ,176.15 ,172.90 ,,,
03-16-2022,173.32 ,585845,170.78 ,174.10 ,169.42 ,,,
03-15-2022,169.58 ,706802,167.88 ,170.04 ,166.97 ,,,
03-14-2022,166.58 ,1062952,166.09 ,167.77 ,165.22 ,,,
03-11-2022,164.87 ,706201,168.06 ,168.46 ,164.82 ,,,
03-10-2022,166.48 ,879178,166.36 ,167.30 ,162.58 ,,,
03-09-2022,168.67 ,891504,168.41 ,169.71 ,166.55 ,,,
03-08-2022,165.00 ,1582205,167.26 ,168.93 ,162.44 ,,,
03-07-2022,168.37 ,1221038,171.32 ,172.00 ,168.07 ,,,
03-04-2022,171.53 ,1139326,171.48 ,171.68 ,169.12 ,,,
03-03-2022,172.48 ,577781,173.29 ,173.71 ,171.09 ,,,
03-02-2022,172.07 ,774032,171.37 ,173.73 ,170.48 ,,,
03-01-2022,169.99 ,773602,170.99 ,172.13 ,168.96 ,,,
02-28-2022,171.15 ,1089100,170.62 ,172.76 ,169.59 ,,,
02-25-2022,172.72 ,954572,170.86 ,173.21 ,170.45 ,,,
02-24-2022,170.19 ,1201805,161.31 ,170.96 ,161.00 ,,,
02-23-2022,168.19 ,875474,170.17 ,171.61 ,167.62 ,,,
02-22-2022,168.97 ,1060734,168.52 ,171.76 ,168.33 ,,,
02-18-2022,171.54 ,1563820,171.82 ,173.22 ,170.18 ,,,
02-17-2022,171.88 ,722234,173.87 ,174.13 ,171.62 ,,,
02-16-2022,174.66 ,678104,174.47 ,175.53 ,173.23 ,,,
02-15-2022,175.04 ,785786,174.98 ,176.34 ,174.25 ,,,
02-14-2022,171.93 ,952741,172.64 ,173.59 ,170.75 ,,,
02-11-2022,172.37 ,1101578,177.19 ,177.59 ,171.88 ,,,
02-10-2022,177.18 ,858046,176.49 ,180.61 ,175.68 ,,,
02-09-2022,179.65 ,989084,180.09 ,182.71 ,178.20 ,,,
02-08-2022,177.86 ,727363,177.77 ,178.52 ,174.68 ,,,
02-07-2022,178.59 ,891562,180.66 ,181.00 ,178.00 ,,,
02-04-2022,178.62 ,820031,177.74 ,180.86 ,177.26 ,,,
02-03-2022,178.03 ,641566,180.22 ,181.00 ,177.86 ,,,
02-02-2022,182.38 ,822007,180.78 ,182.76 ,180.57 ,,,
02-01-2022,180.13 ,898654,179.77 ,180.75 ,177.94 ,,,
01-31-2022,179.21 ,1006646,175.34 ,179.68 ,175.00 ,,,
01-28-2022,174.66 ,1021862,172.31 ,174.78 ,169.73 ,,,
01-27-2022,172.31 ,1650567,174.78 ,176.23 ,170.56 ,,,
01-26-2022,169.50 ,1683341,176.54 ,177.18 ,166.81 ,,,
01-25-2022,174.98 ,1401386,173.22 ,176.57 ,171.65 ,,,
01-24-2022,176.33 ,1720152,174.38 ,176.59 ,167.50 ,,,
01-21-2022,176.92 ,1407436,179.03 ,180.65 ,176.35 ,,,
01-20-2022,179.97 ,1021193,181.58 ,185.00 ,179.64 ,,,
01-19-2022,181.11 ,1540632,184.21 ,185.00 ,180.89 ,,,
01-18-2022,183.78 ,1418921,183.47 ,185.08 ,182.21 ,,,
01-14-2022,186.14 ,1648943,185.67 ,186.69 ,183.33 ,,,
01-13-2022,187.22 ,1368742,193.35 ,194.17 ,186.75 ,,,
01-12-2022,193.24 ,549591,193.44 ,194.79 ,192.62 ,,,
01-11-2022,192.56 ,768368,189.46 ,192.73 ,186.85 ,,,
01-10-2022,189.12 ,1776849,191.84 ,192.95 ,185.86 ,,,
01-07-2022,193.51 ,763513,194.31 ,195.00 ,191.04 ,,,
01-06-2022,195.46 ,1048648,194.57 ,195.80 ,191.23 ,,,
01-05-2022,195.02 ,1187707,198.01 ,198.63 ,194.91 ,,,
01-04-2022,197.39 ,1342234,200.11 ,201.84 ,195.51 ,,,
01-03-2022,202.46 ,1063798,210.87 ,210.87 ,200.72 ,,,
12-31-2021,210.01 ,389606,209.00 ,211.34 ,208.60 ,,,
12-30-2021,209.11 ,332926,210.04 ,211.41 ,208.81 ,,,
12-29-2021,209.97 ,270672,210.27 ,211.66 ,209.66 ,,,
12-28-2021,209.73 ,389466,209.71 ,210.69 ,208.99 ,,,
12-27-2021,208.98 ,659609,206.30 ,209.00 ,205.84 ,,,
12-23-2021,205.42 ,593604,205.00 ,206.73 ,204.50 ,,,
12-22-2021,204.20 ,597364,202.26 ,204.35 ,201.46 ,,,
12-21-2021,202.24 ,426928,200.08 ,202.42 ,199.60 ,,,
12-20-2021,198.50 ,506658,198.41 ,199.63 ,195.76 ,,,
12-17-2021,201.07 ,906451,202.70 ,203.42 ,199.75 ,,,
12-16-2021,203.65 ,1013481,203.93 ,206.65 ,202.80 ,,,
12-15-2021,202.03 ,839803,200.44 ,202.09 ,198.70 ,,,
12-14-2021,199.73 ,1056559,203.44 ,204.35 ,197.62 ,,,
12-13-2021,205.48 ,620068,206.18 ,207.30 ,204.21 ,,,
12-10-2021,205.78 ,380523,206.21 ,206.21 ,203.02 ,,,
12-09-2021,204.14 ,384738,207.29 ,207.65 ,204.06 ,,,
12-08-2021,207.39 ,515415,206.00 ,207.69 ,204.46 ,,,
12-07-2021,205.55 ,834414,201.33 ,205.85 ,200.10 ,,,
12-06-2021,197.98 ,1025438,200.70 ,200.97 ,196.04 ,,,
12-03-2021,200.12 ,882785,203.08 ,203.91 ,196.15 ,,,
12-02-2021,201.23 ,940800,200.02 ,203.08 ,198.10 ,,,
12-01-2021,199.03 ,871594,205.78 ,205.81 ,198.89 ,,,
11-30-2021,203.23 ,1157526,207.73 ,208.98 ,202.70 ,,,
11-29-2021,209.08 ,899684,206.67 ,210.35 ,205.81 ,,,
11-26-2021,203.68 ,565579,205.83 ,207.78 ,203.04 ,,,
11-24-2021,208.60 ,600025,206.26 ,208.79 ,205.73 ,,,
11-23-2021,207.91 ,500644,207.61 ,208.34 ,204.03 ,,,
11-22-2021,207.69 ,556267,208.48 ,210.46 ,207.49 ,,,
11-19-2021,207.77 ,577251,209.01 ,209.41 ,207.34 ,,,
11-18-2021,208.70 ,544613,211.14 ,211.40 ,208.02 ,,,
11-17-2021,209.94 ,708975,212.75 ,213.27 ,208.62 ,,,
11-16-2021,211.97 ,484893,209.56 ,213.65 ,209.00 ,,,
11-15-2021,209.73 ,518456,209.10 ,211.34 ,208.81 ,,,
11-12-2021,208.42 ,1287317,207.61 ,209.27 ,204.48 ,,,
11-11-2021,206.20 ,972114,208.15 ,208.79 ,205.63 ,,,
11-10-2021,207.38 ,646917,210.15 ,210.81 ,206.46 ,,,
11-09-2021,210.81 ,643445,212.15 ,212.62 ,210.10 ,,,
11-08-2021,211.69 ,566063,214.10 ,214.22 ,209.54 ,,,
11-05-2021,212.83 ,575183,213.42 ,214.96 ,211.89 ,,,
11-04-2021,212.27 ,505057,211.35 ,212.80 ,209.78 ,,,
11-03-2021,209.48 ,714390,210.59 ,211.83 ,206.82 ,,,
11-02-2021,211.22 ,773773,210.27 ,213.47 ,209.28 ,,,
11-01-2021,209.90 ,724470,211.03 ,211.66 ,206.64 ,,,
10-29-2021,209.87 ,675951,206.64 ,210.66 ,206.14 ,,,
10-28-2021,207.01 ,653284,202.20 ,207.02 ,202.13 ,,,
10-27-2021,202.39 ,671953,201.05 ,203.83 ,200.00 ,,,
10-26-2021,201.48 ,835660,202.31 ,204.31 ,200.04 ,,,
10-25-2021,201.50 ,640418,201.44 ,201.77 ,197.89 ,,,
10-22-2021,201.72 ,622693,199.34 ,201.94 ,199.33 ,,,
10-21-2021,198.86 ,1284541,198.93 ,201.95 ,196.66 ,,,
10-20-2021,199.16 ,2420287,208.68 ,209.80 ,196.75 ,,,
10-19-2021,208.86 ,938368,204.01 ,208.86 ,204.00 ,,,
10-18-2021,203.49 ,699506,202.82 ,204.52 ,201.83 ,,,
10-15-2021,203.02 ,761757,201.42 ,203.42 ,200.33 ,,,
10-14-2021,200.64 ,700805,199.11 ,201.22 ,198.89 ,,,
10-13-2021,197.42 ,788344,197.68 ,198.84 ,195.15 ,,,
10-12-2021,197.48 ,748766,198.42 ,198.90 ,196.19 ,,,
10-11-2021,197.68 ,869271,196.59 ,202.50 ,196.26 ,,,
10-08-2021,197.40 ,535754,198.00 ,199.15 ,196.53 ,,,
10-07-2021,197.91 ,625168,196.00 ,199.09 ,196.00 ,,,
10-06-2021,194.64 ,949082,193.99 ,195.90 ,192.30 ,,,
10-05-2021,195.26 ,1054187,189.57 ,195.58 ,189.26 ,,,
10-04-2021,188.97 ,1067424,193.48 ,195.33 ,188.74 ,,,
10-01-2021,193.73 ,797960,194.12 ,194.75 ,190.66 ,,,
09-30-2021,193.02 ,1062734,195.10 ,197.33 ,192.92 ,,,
09-29-2021,193.99 ,873981,191.93 ,194.41 ,190.92 ,,,
09-28-2021,190.96 ,1309962,193.83 ,194.33 ,189.38 ,,,
09-27-2021,195.78 ,896540,196.64 ,196.64 ,194.52 ,,,
09-24-2021,196.78 ,662580,194.91 ,197.13 ,194.39 ,,,
09-23-2021,195.58 ,745819,195.42 ,196.73 ,195.26 ,,,
09-22-2021,194.50 ,661279,193.73 ,194.70 ,192.05 ,,,
09-21-2021,191.90 ,491598,192.46 ,192.72 ,191.22 ,,,
09-20-2021,190.98 ,769160,189.67 ,192.11 ,188.51 ,,,
09-17-2021,192.90 ,1263426,194.86 ,194.91 ,191.00 ,,,
09-16-2021,195.43 ,409867,196.00 ,196.46 ,194.56 ,,,
09-15-2021,195.84 ,468199,195.59 ,197.14 ,194.50 ,,,
09-14-2021,195.55 ,464679,194.58 ,196.57 ,194.58 ,,,
09-13-2021,194.32 ,547525,196.65 ,198.00 ,192.97 ,,,
09-10-2021,196.04 ,567424,198.64 ,198.79 ,195.96 ,,,
09-09-2021,197.94 ,520636,197.86 ,199.88 ,197.52 ,,,
09-08-2021,198.43 ,411612,196.30 ,198.62 ,196.30 ,,,
09-07-2021,196.47 ,568233,199.69 ,199.69 ,195.06 ,,,
09-03-2021,198.53 ,490843,198.05 ,199.67 ,197.82 ,,,
09-02-2021,197.91 ,599402,198.51 ,198.93 ,196.04 ,,,
09-01-2021,197.96 ,575328,196.58 ,198.39 ,194.57 ,,,
08-31-2021,195.78 ,795216,194.65 ,196.19 ,193.97 ,,,
08-30-2021,194.10 ,395468,194.36 ,195.68 ,193.59 ,,,
08-27-2021,193.48 ,359589,191.21 ,193.51 ,191.21 ,,,
08-26-2021,191.17 ,425344,191.30 ,191.81 ,189.97 ,,,
08-25-2021,191.63 ,370528,190.91 ,192.09 ,190.04 ,,,
08-24-2021,190.86 ,367667,191.36 ,192.00 ,190.74 ,,,
08-23-2021,190.54 ,511465,189.29 ,191.61 ,189.29 ,,,
08-20-2021,188.67 ,533121,188.54 ,189.77 ,187.30 ,,,
08-19-2021,188.02 ,725432,184.51 ,189.47 ,183.41 ,,,
08-18-2021,186.89 ,807296,190.19 ,190.19 ,186.75 ,,,
08-17-2021,189.99 ,747089,191.73 ,191.84 ,189.49 ,,,
08-16-2021,192.17 ,392591,191.30 ,192.28 ,190.01 ,,,
08-13-2021,190.99 ,310941,190.20 ,191.47 ,190.00 ,,,
08-12-2021,190.09 ,455385,189.92 ,190.87 ,187.81 ,,,
08-11-2021,189.32 ,414158,189.33 ,190.39 ,188.69 ,,,
08-10-2021,188.86 ,583851,188.78 ,190.05 ,187.68 ,,,
08-09-2021,188.68 ,550341,188.82 ,189.03 ,187.86 ,,,
08-06-2021,188.72 ,526188,189.34 ,190.31 ,187.56 ,,,
08-05-2021,188.68 ,675065,190.00 ,190.69 ,187.51 ,,,
08-04-2021,189.36 ,728899,188.13 ,190.45 ,187.66 ,,,
08-03-2021,188.67 ,607076,189.19 ,189.54 ,187.72 ,,,
08-02-2021,188.43 ,553902,188.30 ,188.94 ,187.03 ,,,
07-30-2021,186.73 ,616465,186.55 ,188.15 ,185.79 ,,,
07-29-2021,186.68 ,564935,185.89 ,187.53 ,184.55 ,,,
07-28-2021,185.53 ,594985,185.77 ,186.06 ,184.15 ,,,
07-27-2021,185.69 ,663120,185.93 ,188.08 ,185.24 ,,,
07-26-2021,186.58 ,681894,187.11 ,187.55 ,184.45 ,,,
07-23-2021,187.76 ,735420,186.09 ,188.48 ,185.67 ,,,
07-22-2021,185.34 ,1027537,187.56 ,188.21 ,185.13 ,,,
07-21-2021,186.28 ,1295891,181.34 ,187.03 ,181.34 ,,,
07-20-2021,180.90 ,1128001,177.77 ,182.72 ,176.62 ,,,
07-19-2021,177.15 ,926079,177.69 ,178.63 ,175.93 ,,,
07-16-2021,178.55 ,917660,178.49 ,180.23 ,178.08 ,,,
07-15-2021,178.65 ,649752,177.75 ,179.50 ,177.23 ,,,
07-14-2021,178.08 ,710319,179.37 ,179.37 ,176.25 ,,,
07-13-2021,179.09 ,890344,180.11 ,181.00 ,178.37 ,,,
07-12-2021,179.65 ,1147729,175.78 ,180.99 ,175.78 ,,,
07-09-2021,175.77 ,510481,174.41 ,175.91 ,174.24 ,,,
07-08-2021,174.08 ,646764,174.36 ,175.37 ,173.57 ,,,
07-07-2021,176.16 ,714576,177.06 ,177.25 ,175.27 ,,,
07-06-2021,176.36 ,674310,178.28 ,178.41 ,175.69 ,,,
07-02-2021,177.88 ,969003,176.50 ,178.05 ,175.94 ,,,
07-01-2021,176.03 ,1123504,177.89 ,177.89 ,175.80 ,,,
06-30-2021,175.80 ,1164149,176.55 ,176.71 ,175.18 ,,,
06-29-2021,176.85 ,662879,177.68 ,178.30 ,176.65 ,,,
06-28-2021,177.11 ,980804,178.51 ,178.71 ,176.98 ,,,
06-25-2021,178.07 ,789506,178.59 ,178.93 ,177.18 ,,,
06-24-2021,177.80 ,867183,178.90 ,179.30 ,177.35 ,,,
06-23-2021,177.96 ,947836,179.00 ,179.63 ,177.61 ,,,
06-22-2021,178.70 ,666161,178.93 ,179.74 ,178.26 ,,,
06-21-2021,178.78 ,1045310,176.82 ,179.28 ,175.89 ,,,
06-18-2021,175.80 ,1787809,178.25 ,178.80 ,175.26 ,,,
06-17-2021,179.79 ,1147581,178.09 ,180.53 ,176.65 ,,,
06-16-2021,177.35 ,965672,176.24 ,178.38 ,175.72 ,,,
06-15-2021,176.29 ,665820,175.60 ,177.55 ,175.07 ,,,
06-14-2021,175.16 ,684357,172.49 ,175.17 ,171.51 ,,,
06-11-2021,172.95 ,834727,170.26 ,173.03 ,169.94 ,,,
06-10-2021,168.36 ,560326,169.56 ,169.56 ,168.08 ,,,
06-09-2021,169.12 ,557615,169.41 ,169.54 ,168.43 ,,,
06-08-2021,168.96 ,637680,169.45 ,170.35 ,168.79 ,,,
06-07-2021,168.90 ,580932,170.91 ,171.00 ,168.63 ,,,
06-04-2021,170.23 ,565893,168.68 ,170.40 ,167.61 ,,,
06-03-2021,168.06 ,794051,166.89 ,168.75 ,166.24 ,,,
06-02-2021,166.84 ,941172,165.59 ,167.34 ,165.00 ,,,
06-01-2021,164.45 ,646420,168.20 ,168.66 ,164.27 ,,,
05-28-2021,167.46 ,468943,167.15 ,167.85 ,166.11 ,,,
05-27-2021,165.98 ,723462,165.71 ,166.19 ,164.93 ,,,
05-26-2021,165.45 ,454240,164.67 ,166.38 ,164.63 ,,,
05-25-2021,164.31 ,488412,165.61 ,166.16 ,163.81 ,,,
05-24-2021,164.92 ,403389,164.34 ,166.01 ,164.34 ,,,
05-21-2021,163.87 ,1349840,162.90 ,164.84 ,162.88 ,,,
05-20-2021,163.46 ,415667,161.51 ,164.53 ,161.25 ,,,
05-19-2021,160.94 ,648805,160.24 ,161.18 ,159.44 ,,,
05-18-2021,161.94 ,524175,164.11 ,164.53 ,161.87 ,,,
05-17-2021,163.75 ,495506,164.20 ,164.87 ,163.11 ,,,
05-14-2021,164.36 ,698063,161.71 ,164.94 ,161.38 ,,,
05-13-2021,160.90 ,459554,158.76 ,161.82 ,158.76 ,,,
05-12-2021,158.36 ,1119383,158.87 ,160.41 ,156.72 ,,,
05-11-2021,159.73 ,817210,161.31 ,161.86 ,159.12 ,,,
05-10-2021,163.53 ,622605,165.75 ,166.79 ,163.43 ,,,
05-07-2021,164.56 ,492839,163.85 ,164.92 ,163.48 ,,,
05-06-2021,163.58 ,615080,164.03 ,164.03 ,162.13 ,,,
05-05-2021,163.55 ,777933,163.97 ,164.25 ,162.23 ,,,
05-04-2021,163.54 ,987974,162.51 ,163.66 ,159.81 ,,,
05-03-2021,162.49 ,634345,162.08 ,163.62 ,161.02 ,,,
04-30-2021,161.54 ,514321,161.57 ,162.32 ,160.48 ,,,
04-29-2021,161.89 ,575581,160.82 ,161.99 ,159.40 ,,,
04-28-2021,159.65 ,635536,161.17 ,161.47 ,158.71 ,,,
04-27-2021,160.80 ,663285,159.79 ,160.87 ,158.70 ,,,
04-26-2021,160.03 ,553235,162.81 ,162.84 ,159.58 ,,,
04-23-2021,162.47 ,680033,160.21 ,163.27 ,159.56 ,,,
04-22-2021,159.72 ,642512,160.39 ,162.34 ,159.28 ,,,
04-21-2021,159.32 ,1111095,160.43 ,161.99 ,157.09 ,,,
04-20-2021,159.68 ,1011575,158.92 ,161.27 ,158.82 ,,,
04-19-2021,158.63 ,821741,159.87 ,159.90 ,157.46 ,,,
04-16-2021,160.17 ,1012605,160.92 ,161.51 ,159.63 ,,,
04-15-2021,160.05 ,658852,157.73 ,161.13 ,157.73 ,,,
04-14-2021,157.44 ,552395,156.92 ,158.72 ,156.77 ,,,
04-13-2021,157.93 ,530122,156.39 ,158.03 ,155.77 ,,,
04-12-2021,156.09 ,591369,156.38 ,157.24 ,155.69 ,,,
04-09-2021,156.10 ,588579,154.21 ,156.36 ,153.81 ,,,
04-08-2021,153.52 ,737668,151.89 ,153.72 ,151.55 ,,,
04-07-2021,150.78 ,680288,152.62 ,152.69 ,150.06 ,,,
04-06-2021,152.66 ,483018,151.77 ,152.98 ,151.34 ,,,
04-05-2021,152.10 ,732488,151.00 ,152.40 ,150.71 ,,,
04-01-2021,150.85 ,654806,148.17 ,151.52 ,147.69 ,,,
03-31-2021,147.46 ,888585,147.29 ,149.18 ,147.01 ,,,
03-30-2021,147.45 ,706200,150.61 ,150.86 ,147.14 ,,,
03-29-2021,150.84 ,518716,149.83 ,151.46 ,149.15 ,,,
03-26-2021,150.72 ,620425,146.67 ,150.80 ,146.33 ,,,
03-25-2021,146.57 ,678718,147.52 ,147.52 ,145.52 ,,,
03-24-2021,147.33 ,643395,147.72 ,148.61 ,146.78 ,,,
03-23-2021,147.57 ,1298328,145.85 ,148.95 ,145.85 ,,,
03-22-2021,147.12 ,1218177,145.74 ,148.19 ,144.76 ,,,
03-19-2021,145.74 ,2189654,145.00 ,146.83 ,143.79 ,,,
03-18-2021,144.94 ,1821904,144.06 ,145.89 ,142.87 ,,,
03-17-2021,144.02 ,1687555,144.96 ,145.77 ,142.35 ,,,
03-16-2021,145.47 ,899827,146.06 ,147.08 ,144.48 ,,,
03-15-2021,145.99 ,530884,144.29 ,146.06 ,143.10 ,,,
03-12-2021,144.42 ,463765,144.56 ,145.09 ,143.07 ,,,
03-11-2021,144.10 ,714509,144.90 ,144.90 ,142.75 ,,,
03-10-2021,144.55 ,738575,147.08 ,147.31 ,144.44 ,,,
03-09-2021,146.65 ,1113875,144.86 ,149.54 ,144.86 ,,,
03-08-2021,144.99 ,1741691,144.89 ,147.52 ,143.86 ,,,
03-05-2021,144.70 ,1198607,139.05 ,145.11 ,138.50 ,,,
03-04-2021,138.00 ,1184138,137.63 ,140.15 ,135.57 ,,,
03-03-2021,136.71 ,620873,140.10 ,140.95 ,136.55 ,,,
03-02-2021,140.64 ,619327,141.58 ,142.21 ,139.14 ,,,
03-01-2021,141.87 ,695534,139.68 ,142.85 ,139.40 ,,,
02-26-2021,138.29 ,939465,140.45 ,140.98 ,137.80 ,,,
02-25-2021,140.32 ,646100,142.08 ,143.55 ,140.18 ,,,
02-24-2021,141.99 ,608916,139.81 ,142.22 ,138.42 ,,,
02-23-2021,140.34 ,990100,141.11 ,141.39 ,138.86 ,,,
02-22-2021,141.62 ,910072,143.44 ,143.44 ,140.01 ,,,
02-19-2021,144.43 ,669151,145.19 ,145.83 ,144.30 ,,,
02-18-2021,144.88 ,709647,144.28 ,145.47 ,143.63 ,,,
02-17-2021,144.69 ,778521,143.22 ,145.11 ,143.00 ,,,
02-16-2021,143.99 ,849898,143.05 ,144.19 ,141.39 ,,,
02-12-2021,141.99 ,484922,142.51 ,143.54 ,141.83 ,,,
02-11-2021,142.37 ,466100,143.04 ,143.24 ,141.60 ,,,
02-10-2021,142.47 ,525087,144.00 ,144.39 ,141.14 ,,,
02-09-2021,143.13 ,420634,142.64 ,143.97 ,142.02 ,,,
02-08-2021,142.45 ,493387,143.10 ,143.84 ,141.92 ,,,
02-05-2021,142.59 ,680127,143.82 ,144.52 ,141.95 ,,,
02-04-2021,143.57 ,824146,142.66 ,145.40 ,142.30 ,,,
02-03-2021,142.16 ,879399,142.28 ,143.10 ,141.02 ,,,
02-02-2021,142.61 ,903148,139.13 ,143.11 ,138.61 ,,,
02-01-2021,138.61 ,873357,136.53 ,139.07 ,135.50 ,,,
01-29-2021,135.27 ,1122307,138.10 ,138.10 ,134.21 ,,,
01-28-2021,139.03 ,979749,141.37 ,143.37 ,138.96 ,,,
01-27-2021,141.20 ,1592139,140.49 ,143.65 ,137.55 ,,,
01-26-2021,141.13 ,971532,142.73 ,143.31 ,140.49 ,,,
01-25-2021,142.30 ,836133,140.54 ,142.82 ,139.72 ,,,
01-22-2021,140.42 ,1126985,141.29 ,141.53 ,139.22 ,,,
01-21-2021,141.40 ,692687,144.09 ,144.40 ,140.45 ,,,
01-20-2021,143.67 ,1266978,143.38 ,144.30 ,141.50 ,,,
01-19-2021,142.26 ,896293,142.21 ,143.00 ,140.24 ,,,
01-15-2021,140.04 ,2754167,141.44 ,142.52 ,139.38 ,,,
01-14-2021,142.13 ,959087,143.22 ,143.27 ,140.79 ,,,
01-13-2021,142.49 ,1414480,142.07 ,143.50 ,142.00 ,,,
01-12-2021,141.92 ,946511,140.99 ,142.68 ,140.86 ,,,
01-11-2021,140.90 ,1129180,138.21 ,141.87 ,138.00 ,,,
01-08-2021,138.81 ,787072,135.43 ,139.14 ,135.43 ,,,
01-07-2021,136.80 ,881744,134.94 ,136.88 ,134.67 ,,,
01-06-2021,135.40 ,1022769,132.35 ,136.49 ,131.92 ,,,
01-05-2021,131.97 ,1101815,132.29 ,133.04 ,131.54 ,,,
01-04-2021,132.01 ,1443819,133.73 ,133.93 ,130.70 ,,,
12-31-2020,132.74 ,511377,130.00 ,132.87 ,129.48 ,,,
12-30-2020,130.14 ,399687,129.78 ,130.53 ,129.46 ,,,
12-29-2020,129.14 ,303599,129.65 ,129.87 ,128.90 ,,,
12-28-2020,128.85 ,458683,129.08 ,129.22 ,127.92 ,,,
12-24-2020,128.62 ,191829,127.98 ,128.74 ,127.59 ,,,
12-23-2020,127.95 ,493169,130.49 ,130.74 ,127.94 ,,,
12-22-2020,129.90 ,1041181,127.03 ,130.38 ,126.74 ,,,
12-21-2020,128.05 ,1112400,127.82 ,128.57 ,124.28 ,,,
12-18-2020,128.60 ,1709452,128.19 ,129.64 ,127.95 ,,,
12-17-2020,128.50 ,1051413,127.84 ,129.47 ,127.30 ,,,
12-16-2020,127.10 ,1110395,127.90 ,128.31 ,126.71 ,,,
12-15-2020,127.29 ,851863,124.79 ,128.37 ,124.65 ,,,
12-14-2020,124.04 ,640599,126.72 ,128.10 ,123.90 ,,,
12-11-2020,125.67 ,550572,124.56 ,125.97 ,124.01 ,,,
12-10-2020,124.99 ,702435,125.75 ,126.36 ,124.63 ,,,
12-09-2020,126.10 ,971481,128.89 ,129.66 ,124.08 ,,,
12-08-2020,128.65 ,621371,128.50 ,129.20 ,127.30 ,,,
12-07-2020,128.56 ,1696051,125.46 ,128.96 ,125.45 ,,,
12-04-2020,125.30 ,850148,124.86 ,127.00 ,124.68 ,,,
12-03-2020,124.90 ,1865661,126.87 ,127.04 ,123.27 ,,,
12-02-2020,129.36 ,569322,129.71 ,130.00 ,128.25 ,,,
12-01-2020,129.91 ,730211,127.33 ,130.40 ,127.33 ,,,
11-30-2020,127.99 ,1037599,127.02 ,128.28 ,126.43 ,,,
11-27-2020,127.12 ,517646,126.97 ,127.51 ,126.28 ,,,
11-25-2020,127.33 ,745308,127.19 ,128.20 ,127.04 ,,,
11-24-2020,127.27 ,914070,126.13 ,127.72 ,126.05 ,,,
11-23-2020,126.01 ,708497,126.80 ,127.47 ,124.84 ,,,
11-20-2020,126.33 ,945854,125.19 ,127.37 ,124.66 ,,,
11-19-2020,124.76 ,1111644,124.10 ,126.70 ,122.86 ,,,
11-18-2020,122.73 ,1001354,124.03 ,124.16 ,122.23 ,,,
11-17-2020,124.33 ,991827,125.89 ,126.05 ,123.66 ,,,
11-16-2020,125.53 ,1092943,126.56 ,126.56 ,124.13 ,,,
11-13-2020,125.82 ,773297,127.45 ,128.21 ,125.31 ,,,
11-12-2020,126.85 ,631494,130.27 ,130.28 ,126.46 ,,,
11-11-2020,129.79 ,659001,127.59 ,131.32 ,127.53 ,,,
11-10-2020,127.13 ,1240007,129.27 ,129.98 ,126.05 ,,,
11-09-2020,129.68 ,1014111,139.50 ,139.50 ,129.25 ,,,
11-06-2020,133.20 ,599808,133.22 ,133.97 ,131.81 ,,,
11-05-2020,133.21 ,845567,129.56 ,133.85 ,129.56 ,,,
11-04-2020,129.30 ,686757,126.04 ,131.53 ,126.03 ,,,
11-03-2020,124.91 ,430697,125.08 ,126.97 ,124.17 ,,,
11-02-2020,123.18 ,530388,122.45 ,124.89 ,122.26 ,,,
10-30-2020,120.99 ,820433,121.06 ,122.98 ,119.76 ,,,
10-29-2020,122.01 ,604127,121.73 ,123.69 ,120.75 ,,,
10-28-2020,121.73 ,605368,123.75 ,124.38 ,121.02 ,,,
10-27-2020,125.10 ,532860,127.74 ,128.30 ,125.07 ,,,
10-26-2020,127.38 ,627148,127.76 ,128.37 ,126.57 ,,,
10-23-2020,129.12 ,578725,130.56 ,130.56 ,127.43 ,,,
10-22-2020,130.09 ,602280,133.17 ,133.17 ,129.98 ,,,
10-21-2020,132.37 ,1105913,130.47 ,134.04 ,128.00 ,,,
10-20-2020,128.99 ,884842,127.51 ,131.08 ,127.51 ,,,
10-19-2020,127.48 ,886839,129.71 ,130.10 ,127.39 ,,,
10-16-2020,128.87 ,727510,128.66 ,129.90 ,127.88 ,,,
10-15-2020,128.41 ,410056,126.50 ,128.44 ,126.15 ,,,
10-14-2020,127.65 ,562087,127.30 ,128.28 ,127.01 ,,,
10-13-2020,126.38 ,626764,126.87 ,126.94 ,125.34 ,,,
10-12-2020,126.38 ,423211,125.81 ,127.32 ,125.25 ,,,
10-09-2020,125.06 ,409265,126.02 ,126.35 ,124.72 ,,,
10-08-2020,124.60 ,629999,123.74 ,124.89 ,123.32 ,,,
10-07-2020,122.98 ,870351,123.38 ,124.80 ,122.18 ,,,
10-06-2020,123.57 ,766158,124.99 ,125.79 ,123.09 ,,,
10-05-2020,124.87 ,650708,124.19 ,124.99 ,122.70 ,,,
10-02-2020,123.54 ,714688,122.66 ,124.67 ,122.26 ,,,
10-01-2020,123.92 ,1117297,123.94 ,124.57 ,122.87 ,,,
09-30-2020,122.71 ,1976223,122.08 ,124.42 ,121.30 ,,,
09-29-2020,121.38 ,2659553,125.32 ,126.36 ,118.01 ,,,
09-28-2020,125.37 ,838488,125.86 ,126.34 ,123.98 ,,,
09-25-2020,124.03 ,525102,121.15 ,124.11 ,120.69 ,,,
09-24-2020,121.30 ,586088,119.57 ,122.27 ,119.25 ,,,
09-23-2020,119.73 ,599391,123.72 ,123.72 ,119.60 ,,,
09-22-2020,123.32 ,822221,122.11 ,123.35 ,120.26 ,,,
09-21-2020,122.05 ,909925,120.31 ,122.83 ,119.69 ,,,
09-18-2020,122.45 ,1240479,125.00 ,125.49 ,121.79 ,,,
09-17-2020,124.44 ,869596,125.44 ,125.44 ,123.59 ,,,
09-16-2020,127.30 ,542021,128.10 ,129.86 ,127.14 ,,,
09-15-2020,128.16 ,374122,128.01 ,128.89 ,127.29 ,,,
09-14-2020,126.99 ,796040,126.23 ,128.15 ,126.23 ,,,
09-11-2020,125.70 ,551901,126.08 ,126.80 ,124.74 ,,,
09-10-2020,124.91 ,808299,129.06 ,129.06 ,124.72 ,,,
09-09-2020,129.19 ,654787,128.21 ,129.92 ,127.01 ,,,
09-08-2020,126.44 ,980679,128.81 ,129.48 ,126.18 ,,,
09-04-2020,130.29 ,742773,134.10 ,134.14 ,128.60 ,,,
09-03-2020,133.26 ,842398,137.81 ,137.81 ,131.89 ,,,
09-02-2020,137.28 ,761069,135.32 ,137.94 ,135.00 ,,,
09-01-2020,134.82 ,508680,134.64 ,134.84 ,133.29 ,,,
08-31-2020,134.42 ,1381994,132.53 ,135.11 ,132.13 ,,,
08-28-2020,131.84 ,428314,132.62 ,132.62 ,131.43 ,,,
08-27-2020,131.85 ,508565,133.04 ,133.28 ,131.82 ,,,
08-26-2020,132.54 ,645840,130.41 ,133.58 ,130.21 ,,,
08-25-2020,130.10 ,496757,131.65 ,132.04 ,129.75 ,,,
08-24-2020,131.58 ,692390,130.29 ,131.69 ,129.69 ,,,
08-21-2020,129.92 ,479886,130.38 ,130.66 ,129.24 ,,,
08-20-2020,130.46 ,517943,129.46 ,131.47 ,129.46 ,,,
08-19-2020,129.87 ,585758,130.82 ,131.02 ,129.31 ,,,
08-18-2020,130.05 ,578200,130.29 ,130.81 ,129.33 ,,,
08-17-2020,130.31 ,839071,129.38 ,130.80 ,129.00 ,,,
08-14-2020,129.24 ,678376,130.07 ,130.63 ,128.71 ,,,
08-13-2020,130.28 ,927041,130.01 ,130.77 ,129.05 ,,,
08-12-2020,130.42 ,1055949,131.15 ,133.05 ,130.24 ,,,
08-11-2020,130.47 ,587728,132.00 ,132.29 ,130.12 ,,,
08-10-2020,131.53 ,741022,133.51 ,133.51 ,130.57 ,,,
08-07-2020,132.87 ,727589,129.84 ,132.88 ,129.61 ,,,
08-06-2020,130.70 ,588859,129.78 ,131.26 ,129.50 ,,,
08-05-2020,130.36 ,580606,130.30 ,130.47 ,129.04 ,,,
08-04-2020,129.70 ,467659,130.53 ,130.77 ,128.80 ,,,
08-03-2020,130.35 ,508922,131.84 ,132.39 ,129.95 ,,,
07-31-2020,131.31 ,611859,130.70 ,131.35 ,129.01 ,,,
07-30-2020,129.90 ,552379,129.61 ,130.38 ,128.67 ,,,
07-29-2020,131.01 ,791944,128.77 ,131.54 ,128.52 ,,,
07-28-2020,128.15 ,704568,129.56 ,129.96 ,127.40 ,,,
07-27-2020,130.53 ,952587,130.69 ,131.20 ,130.12 ,,,
07-24-2020,130.56 ,898744,131.29 ,131.39 ,129.05 ,,,
07-23-2020,131.41 ,938191,134.20 ,135.52 ,131.00 ,,,
07-22-2020,134.10 ,1231623,133.01 ,135.32 ,131.55 ,,,
07-21-2020,131.01 ,933431,130.69 ,131.85 ,129.49 ,,,
07-20-2020,131.30 ,790145,128.33 ,131.67 ,128.32 ,,,
07-17-2020,128.44 ,748674,127.70 ,129.15 ,127.22 ,,,
07-16-2020,127.03 ,308114,126.54 ,127.27 ,126.01 ,,,
07-15-2020,126.84 ,534395,126.00 ,127.36 ,125.08 ,,,
07-14-2020,124.80 ,433586,122.99 ,124.80 ,122.96 ,,,
07-13-2020,123.00 ,619831,124.02 ,126.22 ,122.94 ,,,
07-10-2020,122.88 ,468836,121.30 ,123.00 ,120.17 ,,,
07-09-2020,120.80 ,563930,122.27 ,122.50 ,119.21 ,,,
07-08-2020,121.70 ,683045,120.95 ,122.28 ,120.46 ,,,
07-07-2020,120.47 ,463834,120.26 ,121.79 ,119.76 ,,,
07-06-2020,121.08 ,478792,121.49 ,122.50 ,120.54 ,,,
07-02-2020,120.06 ,756594,122.58 ,123.12 ,120.00 ,,,
07-01-2020,120.76 ,602977,119.60 ,121.61 ,118.84 ,,,
06-30-2020,119.47 ,629262,116.83 ,119.98 ,116.45 ,,,
06-29-2020,117.55 ,749124,117.40 ,117.68 ,116.18 ,,,
06-26-2020,115.82 ,1053726,118.12 ,118.34 ,115.41 ,,,
06-25-2020,118.69 ,554924,115.00 ,118.99 ,114.66 ,,,
06-24-2020,115.28 ,626830,118.23 ,118.32 ,115.07 ,,,
06-23-2020,118.60 ,706047,120.22 ,120.88 ,118.29 ,,,
06-22-2020,119.71 ,506432,119.12 ,120.45 ,118.13 ,,,
06-19-2020,118.83 ,983823,120.28 ,122.15 ,118.41 ,,,
06-18-2020,119.29 ,768322,117.74 ,119.39 ,116.71 ,,,
06-17-2020,118.13 ,593174,119.07 ,119.67 ,117.91 ,,,
06-16-2020,118.53 ,755886,118.69 ,120.00 ,116.09 ,,,
06-15-2020,117.37 ,781163,112.54 ,118.36 ,112.23 ,,,
06-12-2020,115.15 ,705462,115.46 ,115.89 ,113.13 ,,,
06-11-2020,113.25 ,866339,118.49 ,118.87 ,112.72 ,,,
06-10-2020,120.01 ,513052,119.57 ,120.84 ,119.38 ,,,
06-09-2020,120.09 ,825896,120.36 ,121.16 ,119.15 ,,,
06-08-2020,121.30 ,959198,119.37 ,121.61 ,119.27 ,,,
06-05-2020,119.90 ,1076059,119.54 ,120.25 ,115.33 ,,,
06-04-2020,117.93 ,601163,119.10 ,119.37 ,116.44 ,,,
06-03-2020,119.34 ,702759,119.97 ,120.73 ,118.34 ,,,
06-02-2020,119.24 ,519186,119.25 ,119.80 ,118.28 ,,,
06-01-2020,118.88 ,929588,119.30 ,119.87 ,117.25 ,,,
05-29-2020,118.46 ,831669,116.32 ,118.83 ,115.70 ,,,
05-28-2020,116.37 ,714262,116.33 ,117.65 ,115.57 ,,,
05-27-2020,115.19 ,845911,117.78 ,117.99 ,114.22 ,,,
05-26-2020,116.28 ,611906,118.42 ,119.27 ,116.03 ,,,
05-22-2020,115.34 ,440672,114.08 ,115.79 ,113.83 ,,,
05-21-2020,113.99 ,722050,113.86 ,114.70 ,113.01 ,,,
05-20-2020,114.71 ,531647,112.99 ,115.61 ,112.99 ,,,
05-19-2020,112.63 ,636473,114.20 ,115.99 ,112.42 ,,,
05-18-2020,114.94 ,865446,114.92 ,115.91 ,113.86 ,,,
05-15-2020,112.08 ,2078513,109.79 ,112.25 ,108.67 ,,,
05-14-2020,109.48 ,793188,107.35 ,109.67 ,107.25 ,,,
05-13-2020,108.89 ,927749,108.52 ,110.30 ,107.45 ,,,
05-12-2020,108.50 ,1070442,110.00 ,110.49 ,108.20 ,,,
05-11-2020,109.24 ,683256,105.98 ,109.95 ,105.85 ,,,
05-08-2020,107.59 ,895102,109.21 ,109.29 ,107.08 ,,,
05-07-2020,107.33 ,633646,106.75 ,109.22 ,106.45 ,,,
05-06-2020,105.63 ,710180,109.77 ,109.77 ,105.60 ,,,
05-05-2020,108.83 ,966469,107.54 ,109.48 ,105.94 ,,,
05-04-2020,106.13 ,722718,105.81 ,106.63 ,104.38 ,,,
05-01-2020,106.62 ,730735,107.00 ,107.54 ,105.83 ,,,
04-30-2020,109.67 ,693843,108.75 ,111.14 ,108.32 ,,,
04-29-2020,111.60 ,826984,112.75 ,113.23 ,111.22 ,,,
04-28-2020,111.21 ,1006246,113.53 ,114.42 ,110.65 ,,,
04-27-2020,111.63 ,922622,107.11 ,111.89 ,107.00 ,,,
04-24-2020,105.63 ,843641,104.77 ,105.75 ,102.97 ,,,
04-23-2020,103.85 ,905068,106.97 ,106.97 ,102.82 ,,,
04-22-2020,104.63 ,1362675,108.50 ,108.50 ,102.80 ,,,
04-21-2020,105.27 ,968382,107.72 ,108.86 ,104.76 ,,,
04-20-2020,109.78 ,922808,109.77 ,110.88 ,108.76 ,,,
04-17-2020,111.24 ,773808,111.10 ,111.91 ,109.38 ,,,
04-16-2020,108.31 ,722799,106.89 ,108.93 ,106.50 ,,,
04-15-2020,106.00 ,829912,106.11 ,108.11 ,104.61 ,,,
04-14-2020,107.56 ,1384606,105.65 ,107.88 ,104.27 ,,,
04-13-2020,103.29 ,805704,105.29 ,106.99 ,102.67 ,,,
04-09-2020,107.92 ,740595,104.78 ,108.59 ,104.78 ,,,
04-08-2020,104.13 ,744873,101.53 ,104.81 ,101.23 ,,,
04-07-2020,100.94 ,1125513,104.72 ,107.11 ,100.22 ,,,
04-06-2020,101.59 ,916794,99.89 ,102.27 ,98.07 ,,,
04-03-2020,95.22 ,851950,94.53 ,95.92 ,93.57 ,,,
04-02-2020,93.96 ,1237053,92.05 ,94.45 ,90.33 ,,,
04-01-2020,92.27 ,1058775,90.12 ,93.29 ,90.00 ,,,
03-31-2020,94.95 ,1515754,99.52 ,100.40 ,94.58 ,,,
03-30-2020,99.44 ,1437366,94.03 ,99.83 ,92.81 ,,,
03-27-2020,92.78 ,1127261,90.04 ,95.44 ,89.28 ,,,
03-26-2020,93.82 ,1699275,88.05 ,96.09 ,88.05 ,,,
03-25-2020,86.96 ,1969122,82.99 ,91.02 ,82.28 ,,,
03-24-2020,82.99 ,1975431,76.91 ,83.19 ,76.39 ,,,
03-23-2020,72.86 ,1794010,80.57 ,80.57 ,71.66 ,,,
03-20-2020,80.50 ,2161498,89.82 ,89.82 ,79.67 ,,,
03-19-2020,88.00 ,1753455,91.77 ,92.60 ,85.52 ,,,
03-18-2020,91.57 ,2265847,90.44 ,95.49 ,89.15 ,,,
03-17-2020,95.03 ,2225360,87.47 ,95.88 ,87.00 ,,,
03-16-2020,85.31 ,1417171,87.00 ,92.78 ,83.35 ,,,
03-13-2020,96.05 ,1680944,93.15 ,96.37 ,85.72 ,,,
03-12-2020,88.63 ,1766554,91.43 ,93.32 ,88.30 ,,,
03-11-2020,99.32 ,1829395,101.86 ,101.96 ,97.79 ,,,
03-10-2020,104.70 ,1989058,108.32 ,108.79 ,102.20 ,,,
03-09-2020,105.72 ,1434162,102.72 ,108.42 ,102.46 ,,,
03-06-2020,110.50 ,1260001,110.87 ,112.29 ,107.67 ,,,
03-05-2020,114.10 ,1645087,112.57 ,114.59 ,111.59 ,,,
03-04-2020,116.37 ,1206509,112.17 ,116.55 ,110.50 ,,,
03-03-2020,110.07 ,1317220,110.74 ,114.07 ,109.13 ,,,
03-02-2020,110.12 ,1264051,103.00 ,110.35 ,103.00 ,,,
02-28-2020,102.55 ,2281039,105.23 ,105.45 ,100.47 ,,,
02-27-2020,107.45 ,1342533,112.00 ,112.51 ,107.32 ,,,
02-26-2020,113.02 ,948139,112.47 ,114.66 ,112.47 ,,,
02-25-2020,112.41 ,963578,114.91 ,115.32 ,111.85 ,,,
02-24-2020,114.74 ,1217761,112.84 ,115.42 ,112.39 ,,,
02-21-2020,115.18 ,2527232,114.24 ,115.45 ,113.99 ,,,
02-20-2020,114.49 ,692278,115.55 ,115.80 ,113.32 ,,,
02-19-2020,115.27 ,726409,115.97 ,117.33 ,115.20 ,,,
02-18-2020,115.67 ,1085103,113.50 ,116.16 ,113.13 ,,,
02-14-2020,116.20 ,530378,114.64 ,116.25 ,114.64 ,,,
02-13-2020,114.40 ,409848,114.17 ,114.90 ,113.95 ,,,
02-12-2020,114.06 ,582609,114.90 ,115.06 ,112.94 ,,,
02-11-2020,114.80 ,462961,115.72 ,116.68 ,114.68 ,,,
02-10-2020,115.73 ,941261,114.12 ,115.85 ,114.01 ,,,
02-07-2020,114.33 ,959451,115.97 ,116.30 ,114.24 ,,,
02-06-2020,115.85 ,910589,117.21 ,117.23 ,115.53 ,,,
02-05-2020,116.47 ,1020182,119.24 ,119.25 ,115.90 ,,,
02-04-2020,118.67 ,867005,118.94 ,120.23 ,118.46 ,,,
02-03-2020,117.79 ,719195,117.28 ,118.89 ,117.03 ,,,
01-31-2020,116.46 ,912291,115.85 ,116.80 ,115.55 ,,,
01-30-2020,115.96 ,990352,115.25 ,116.12 ,113.40 ,,,
01-29-2020,115.34 ,1275157,112.15 ,115.77 ,109.76 ,,,
01-28-2020,111.14 ,1058563,109.83 ,111.59 ,109.80 ,,,
01-27-2020,109.78 ,979580,109.13 ,110.28 ,109.00 ,,,
01-24-2020,110.21 ,695936,109.66 ,110.29 ,109.24 ,,,
01-23-2020,109.63 ,483220,109.05 ,109.68 ,108.48 ,,,
01-22-2020,109.14 ,585913,109.38 ,109.45 ,108.22 ,,,
01-21-2020,109.25 ,733781,109.12 ,110.15 ,108.97 ,,,
01-17-2020,109.31 ,790816,108.46 ,109.37 ,108.03 ,,,
01-16-2020,108.31 ,1085303,108.56 ,108.64 ,107.78 ,,,
01-15-2020,107.86 ,623184,106.40 ,108.21 ,106.40 ,,,
01-14-2020,106.55 ,705150,107.26 ,107.26 ,106.33 ,,,
01-13-2020,107.09 ,394811,107.00 ,107.53 ,106.83 ,,,
01-10-2020,106.84 ,427287,107.75 ,107.85 ,106.78 ,,,
01-09-2020,107.35 ,529956,106.27 ,107.89 ,105.99 ,,,
01-08-2020,105.83 ,1167014,106.51 ,106.96 ,105.24 ,,,
01-07-2020,106.42 ,557770,108.00 ,108.26 ,106.39 ,,,
01-06-2020,108.21 ,718444,107.79 ,108.26 ,106.89 ,,,
01-03-2020,108.28 ,721557,106.98 ,108.48 ,106.74 ,,,
01-02-2020,107.82 ,572358,107.26 ,107.96 ,107.17 ,,,
12-31-2019,107.10 ,308772,107.04 ,107.56 ,106.66 ,,,
12-30-2019,107.02 ,379313,108.12 ,108.12 ,106.83 ,,,
12-27-2019,107.99 ,465468,107.92 ,108.28 ,107.54 ,,,
12-26-2019,107.79 ,241164,106.78 ,107.80 ,106.78 ,,,
12-24-2019,106.69 ,305699,107.08 ,107.42 ,106.42 ,,,
12-23-2019,107.17 ,514827,107.63 ,107.90 ,107.03 ,,,
12-20-2019,107.60 ,861150,107.74 ,108.00 ,106.77 ,,,
12-19-2019,107.02 ,843743,106.34 ,107.36 ,106.10 ,,,
12-18-2019,105.92 ,446087,106.27 ,106.62 ,105.65 ,,,
12-17-2019,106.00 ,700517,105.56 ,106.29 ,104.88 ,,,
12-16-2019,105.20 ,740553,105.17 ,106.72 ,105.07 ,,,
12-13-2019,104.48 ,497942,103.85 ,104.54 ,103.47 ,,,
12-12-2019,104.13 ,417705,103.60 ,104.48 ,103.21 ,,,
12-11-2019,103.89 ,580054,104.53 ,104.97 ,103.80 ,,,
12-10-2019,104.61 ,727044,104.54 ,104.76 ,104.29 ,,,
12-09-2019,104.64 ,496067,105.01 ,105.11 ,104.36 ,,,
12-06-2019,105.23 ,601743,105.02 ,105.62 ,104.69 ,,,
12-05-2019,104.67 ,598794,105.37 ,105.40 ,104.41 ,,,
12-04-2019,105.21 ,604208,104.52 ,105.63 ,104.31 ,,,
12-03-2019,104.48 ,618880,103.96 ,104.99 ,103.96 ,,,
12-02-2019,104.46 ,552546,104.67 ,104.77 ,103.76 ,,,
11-29-2019,104.80 ,264666,104.02 ,104.87 ,103.75 ,,,
11-27-2019,104.25 ,1656660,105.54 ,105.54 ,103.81 ,,,
11-26-2019,104.83 ,534994,104.81 ,105.19 ,104.38 ,,,
11-25-2019,104.64 ,767263,104.79 ,105.02 ,104.15 ,,,
11-22-2019,104.37 ,712068,104.56 ,105.03 ,103.42 ,,,
11-21-2019,104.74 ,774904,105.97 ,106.23 ,104.47 ,,,
11-20-2019,105.70 ,697127,104.98 ,105.81 ,104.78 ,,,
11-19-2019,105.07 ,888223,104.80 ,105.24 ,103.78 ,,,
11-18-2019,104.60 ,972233,103.78 ,104.68 ,103.52 ,,,
11-15-2019,103.59 ,2597184,103.11 ,104.15 ,102.83 ,,,
11-14-2019,103.26 ,804605,103.27 ,103.31 ,102.39 ,,,
11-13-2019,103.27 ,815402,102.05 ,103.75 ,101.24 ,,,
11-12-2019,102.45 ,809438,102.63 ,102.63 ,101.30 ,,,
11-11-2019,102.53 ,825338,100.37 ,102.58 ,100.22 ,,,
11-08-2019,100.66 ,919669,100.31 ,101.26 ,100.16 ,,,
11-07-2019,100.53 ,959297,100.44 ,100.67 ,99.16 ,,,
11-06-2019,99.92 ,678241,98.16 ,100.08 ,97.98 ,,,
11-05-2019,98.42 ,518278,98.92 ,99.06 ,97.90 ,,,
11-04-2019,98.59 ,553739,99.73 ,99.78 ,98.53 ,,,
11-01-2019,99.23 ,543562,100.46 ,100.46 ,98.67 ,,,
10-31-2019,99.77 ,540153,99.74 ,100.23 ,98.97 ,,,
10-30-2019,100.06 ,478533,98.69 ,100.39 ,98.13 ,,,
10-29-2019,98.64 ,446382,98.41 ,100.19 ,98.12 ,,,
10-28-2019,98.73 ,623161,98.67 ,99.08 ,98.15 ,,,
10-25-2019,98.43 ,1021996,99.91 ,100.49 ,97.42 ,,,
10-24-2019,100.99 ,706399,102.00 ,102.00 ,100.27 ,,,
10-23-2019,101.31 ,1365759,99.73 ,101.56 ,98.20 ,,,
10-22-2019,97.86 ,1100439,98.06 ,98.79 ,96.62 ,,,
10-21-2019,98.16 ,662099,99.25 ,99.25 ,97.59 ,,,
10-18-2019,98.62 ,676930,98.38 ,99.05 ,97.65 ,,,
10-17-2019,98.33 ,1102045,98.04 ,98.47 ,97.67 ,,,
10-16-2019,98.06 ,969418,97.61 ,98.24 ,96.43 ,,,
10-15-2019,97.92 ,509840,98.58 ,99.02 ,97.78 ,,,
10-14-2019,98.35 ,468101,99.38 ,99.66 ,98.24 ,,,
10-11-2019,99.31 ,761612,99.75 ,99.83 ,98.24 ,,,
10-10-2019,98.56 ,514769,97.37 ,98.91 ,97.02 ,,,
10-09-2019,97.33 ,582177,97.97 ,98.26 ,96.89 ,,,
10-08-2019,97.08 ,744491,98.64 ,98.64 ,96.88 ,,,
10-07-2019,99.01 ,658049,98.90 ,99.86 ,98.05 ,,,
10-04-2019,99.23 ,542507,97.39 ,99.34 ,97.38 ,,,
10-03-2019,97.14 ,449362,95.53 ,97.18 ,95.30 ,,,
10-02-2019,95.74 ,858180,97.85 ,97.95 ,95.63 ,,,
10-01-2019,98.59 ,567598,99.31 ,99.33 ,98.03 ,,,
09-30-2019,99.35 ,634549,100.22 ,100.43 ,99.15 ,,,
09-27-2019,100.08 ,643556,102.57 ,102.80 ,99.76 ,,,
09-26-2019,101.82 ,443062,102.40 ,102.40 ,100.94 ,,,
09-25-2019,102.76 ,1142852,101.82 ,103.05 ,101.13 ,,,
09-24-2019,101.37 ,1053565,101.32 ,102.52 ,100.61 ,,,
09-23-2019,100.25 ,765577,100.62 ,101.69 ,100.06 ,,,
09-20-2019,100.68 ,631669,101.91 ,101.98 ,100.59 ,,,
09-19-2019,101.68 ,407642,102.49 ,103.32 ,101.17 ,,,
09-18-2019,102.62 ,469824,103.22 ,103.28 ,101.27 ,,,
09-17-2019,102.73 ,1109417,99.89 ,103.02 ,99.27 ,,,
09-16-2019,99.28 ,632065,99.35 ,100.52 ,98.47 ,,,
09-13-2019,99.52 ,569531,99.68 ,99.89 ,97.75 ,,,
09-12-2019,99.00 ,488106,98.29 ,100.01 ,98.29 ,,,
09-11-2019,98.18 ,840296,98.08 ,98.60 ,96.73 ,,,
09-10-2019,98.15 ,780682,102.89 ,102.89 ,97.56 ,,,
09-09-2019,102.84 ,537386,104.79 ,105.26 ,102.67 ,,,
09-06-2019,104.26 ,751608,102.35 ,104.44 ,102.15 ,,,
09-05-2019,102.02 ,608903,100.71 ,102.11 ,100.24 ,,,
09-04-2019,99.91 ,405011,100.02 ,100.17 ,99.15 ,,,
09-03-2019,99.53 ,363904,99.84 ,100.10 ,99.02 ,,,
08-30-2019,99.84 ,385201,100.03 ,100.39 ,99.38 ,,,
08-29-2019,99.77 ,338829,99.64 ,99.83 ,98.54 ,,,
08-28-2019,98.53 ,313673,98.02 ,98.59 ,97.30 ,,,
08-27-2019,98.27 ,494070,99.39 ,99.39 ,97.84 ,,,
08-26-2019,98.67 ,598227,98.24 ,98.70 ,97.46 ,,,
08-23-2019,97.52 ,681424,99.69 ,100.45 ,97.00 ,,,
08-22-2019,100.13 ,419598,99.63 ,100.42 ,99.19 ,,,
08-21-2019,99.32 ,408497,99.50 ,99.50 ,98.60 ,,,
08-20-2019,98.91 ,556589,99.01 ,99.69 ,98.45 ,,,
08-19-2019,99.42 ,621529,98.40 ,99.68 ,98.17 ,,,
08-16-2019,97.53 ,597105,97.38 ,97.97 ,96.94 ,,,
08-15-2019,96.98 ,468563,95.45 ,97.35 ,95.36 ,,,
08-14-2019,95.32 ,560475,96.40 ,97.50 ,95.26 ,,,
08-13-2019,97.93 ,578889,96.27 ,98.48 ,96.10 ,,,
08-12-2019,96.58 ,498515,97.91 ,98.17 ,96.57 ,,,
08-09-2019,98.54 ,586951,97.92 ,98.97 ,97.42 ,,,
08-08-2019,98.26 ,742654,96.79 ,98.38 ,96.05 ,,,
08-07-2019,96.12 ,944983,94.89 ,96.48 ,93.46 ,,,
08-06-2019,95.85 ,765912,95.01 ,96.14 ,94.21 ,,,
08-05-2019,94.36 ,1072679,97.31 ,97.33 ,93.95 ,,,
08-02-2019,97.95 ,775073,97.72 ,98.47 ,96.96 ,,,
08-01-2019,97.65 ,986319,96.20 ,98.25 ,96.20 ,,,
07-31-2019,96.37 ,592404,96.98 ,97.05 ,95.85 ,,,
07-30-2019,96.80 ,591623,96.34 ,97.08 ,95.96 ,,,
07-29-2019,96.67 ,599741,98.09 ,98.22 ,96.42 ,,,
07-26-2019,98.06 ,774002,97.79 ,98.39 ,97.38 ,,,
07-25-2019,97.61 ,1147331,98.23 ,98.81 ,97.45 ,,,
07-24-2019,98.22 ,2170509,99.99 ,100.24 ,96.27 ,,,
07-23-2019,100.86 ,1174644,101.81 ,102.56 ,100.44 ,,,
07-22-2019,101.78 ,730215,100.50 ,102.39 ,99.25 ,,,
07-19-2019,101.73 ,664770,103.14 ,103.39 ,101.68 ,,,
07-18-2019,103.14 ,706376,102.51 ,103.35 ,102.21 ,,,
07-17-2019,102.64 ,803430,103.25 ,103.57 ,102.51 ,,,
07-16-2019,103.29 ,664388,104.45 ,104.69 ,103.28 ,,,
07-15-2019,104.22 ,520655,104.36 ,104.46 ,103.60 ,,,
07-12-2019,104.28 ,532453,104.23 ,104.62 ,103.75 ,,,
07-11-2019,104.01 ,774720,103.04 ,104.12 ,102.60 ,,,
07-10-2019,103.02 ,906376,102.17 ,103.60 ,102.17 ,,,
07-09-2019,101.61 ,458782,100.55 ,101.67 ,100.37 ,,,
07-08-2019,100.84 ,839749,100.91 ,101.30 ,100.38 ,,,
07-05-2019,101.05 ,768721,101.28 ,101.42 ,100.11 ,,,
07-03-2019,101.42 ,1180857,99.23 ,101.63 ,99.21 ,,,
07-02-2019,99.66 ,1400110,97.43 ,99.89 ,97.01 ,,,
07-01-2019,97.15 ,1037455,97.04 ,97.45 ,96.42 ,,,
06-28-2019,96.17 ,904258,96.09 ,96.78 ,96.00 ,,,
06-27-2019,96.17 ,579880,95.16 ,96.52 ,95.16 ,,,
06-26-2019,94.61 ,1366896,98.00 ,98.08 ,94.45 ,,,
06-25-2019,98.00 ,777265,97.08 ,98.16 ,96.62 ,,,
06-24-2019,96.87 ,665354,98.19 ,98.57 ,96.30 ,,,
06-21-2019,98.29 ,977776,97.69 ,98.73 ,97.48 ,,,
06-20-2019,97.74 ,450341,96.99 ,97.89 ,96.53 ,,,
06-19-2019,96.51 ,427977,95.89 ,96.95 ,95.44 ,,,
06-18-2019,95.91 ,517251,95.43 ,96.33 ,95.26 ,,,
06-17-2019,95.17 ,433923,95.93 ,96.21 ,95.07 ,,,
06-14-2019,95.71 ,391269,95.62 ,95.99 ,95.00 ,,,
06-13-2019,95.44 ,478415,95.30 ,95.52 ,94.29 ,,,
06-12-2019,95.45 ,530672,94.96 ,95.71 ,94.76 ,,,
06-11-2019,95.26 ,439613,97.25 ,97.47 ,95.13 ,,,
06-10-2019,96.67 ,433545,96.60 ,97.11 ,96.25 ,,,
06-07-2019,96.16 ,607477,96.05 ,96.96 ,95.54 ,,,
06-06-2019,95.89 ,601058,96.25 ,96.33 ,95.34 ,,,
06-05-2019,96.18 ,976330,93.04 ,96.32 ,92.98 ,,,
06-04-2019,92.76 ,650058,91.50 ,92.94 ,91.02 ,,,
06-03-2019,90.71 ,638626,90.60 ,91.48 ,90.17 ,,,
05-31-2019,90.64 ,541179,90.33 ,90.99 ,89.73 ,,,
05-30-2019,90.65 ,472477,90.60 ,91.50 ,90.29 ,,,
05-29-2019,90.34 ,508491,90.02 ,90.44 ,89.62 ,,,
05-28-2019,89.97 ,671542,90.11 ,91.25 ,89.96 ,,,
05-24-2019,90.03 ,327705,90.42 ,90.91 ,89.81 ,,,
05-23-2019,90.02 ,542456,89.47 ,90.48 ,89.18 ,,,
05-22-2019,90.36 ,591722,90.81 ,91.05 ,90.07 ,,,
05-21-2019,91.28 ,553109,90.88 ,91.51 ,90.86 ,,,
05-20-2019,90.26 ,415921,90.00 ,90.45 ,89.80 ,,,
05-17-2019,90.30 ,822762,90.69 ,91.06 ,90.17 ,,,
05-16-2019,90.93 ,593382,90.87 ,91.21 ,90.15 ,,,
05-15-2019,90.76 ,398492,90.68 ,91.52 ,90.26 ,,,
05-14-2019,91.17 ,590740,91.15 ,92.19 ,91.08 ,,,
05-13-2019,90.90 ,616973,91.32 ,91.32 ,90.21 ,,,
05-10-2019,92.51 ,593735,90.88 ,92.60 ,90.40 ,,,
05-09-2019,91.16 ,400238,90.15 ,91.38 ,89.58 ,,,
05-08-2019,90.99 ,367210,90.81 ,91.57 ,90.57 ,,,
05-07-2019,90.90 ,455391,92.09 ,92.49 ,90.45 ,,,
05-06-2019,92.73 ,391062,91.72 ,92.92 ,91.05 ,,,
05-03-2019,92.12 ,420708,92.61 ,92.95 ,92.03 ,,,
05-02-2019,92.26 ,689838,92.45 ,92.95 ,91.98 ,,,
05-01-2019,92.32 ,716159,92.19 ,93.32 ,91.63 ,,,
04-30-2019,92.20 ,707153,91.44 ,92.32 ,91.34 ,,,
04-29-2019,91.45 ,615222,90.00 ,91.60 ,89.84 ,,,
04-26-2019,89.86 ,791435,89.63 ,90.09 ,88.76 ,,,
04-25-2019,89.44 ,734371,88.85 ,89.58 ,88.22 ,,,
04-24-2019,89.18 ,934402,89.89 ,91.29 ,87.97 ,,,
04-23-2019,89.65 ,1235161,89.76 ,90.19 ,89.35 ,,,
04-22-2019,89.73 ,475460,89.92 ,90.11 ,89.30 ,,,
04-18-2019,89.99 ,556422,90.28 ,90.56 ,89.80 ,,,
04-17-2019,90.20 ,457095,89.81 ,90.36 ,89.52 ,,,
04-16-2019,89.75 ,536764,88.84 ,89.85 ,88.46 ,,,
04-15-2019,88.47 ,368161,87.80 ,88.67 ,87.39 ,,,
04-12-2019,87.80 ,647177,87.76 ,87.97 ,86.93 ,,,
04-11-2019,87.03 ,889620,87.65 ,87.81 ,86.52 ,,,
04-10-2019,87.50 ,600396,87.86 ,87.94 ,87.07 ,,,
04-09-2019,87.70 ,396799,88.34 ,88.87 ,87.45 ,,,
04-08-2019,88.76 ,567432,88.61 ,89.38 ,87.99 ,,,
04-05-2019,88.59 ,780396,89.43 ,89.48 ,88.18 ,,,
04-04-2019,89.18 ,487805,89.30 ,89.63 ,88.67 ,,,
04-03-2019,89.30 ,674048,89.60 ,89.88 ,89.00 ,,,
04-02-2019,89.01 ,674905,88.30 ,89.09 ,88.10 ,,,
04-01-2019,88.40 ,636926,88.23 ,88.57 ,87.64 ,,,
03-29-2019,87.49 ,1221094,87.26 ,87.83 ,86.90 ,,,
03-28-2019,86.74 ,626161,86.22 ,86.80 ,85.85 ,,,
03-27-2019,86.10 ,1093366,85.79 ,86.22 ,85.19 ,,,
03-26-2019,85.82 ,540951,85.36 ,85.93 ,84.94 ,,,
03-25-2019,84.91 ,725651,83.95 ,85.34 ,83.95 ,,,
03-22-2019,83.89 ,725263,83.81 ,84.33 ,83.31 ,,,
03-21-2019,84.35 ,593050,83.08 ,84.66 ,83.08 ,,,
03-20-2019,83.36 ,571033,84.15 ,84.47 ,83.20 ,,,
03-19-2019,84.14 ,518878,84.57 ,85.30 ,83.82 ,,,
03-18-2019,84.24 ,583488,83.80 ,84.44 ,83.80 ,,,
03-15-2019,83.55 ,1149103,84.00 ,84.60 ,83.41 ,,,
03-14-2019,83.99 ,843828,84.72 ,85.01 ,83.81 ,,,
03-13-2019,85.05 ,1062838,84.19 ,85.97 ,83.90 ,,,
03-12-2019,83.82 ,849918,84.35 ,84.45 ,83.78 ,,,
03-11-2019,84.02 ,892601,83.76 ,84.33 ,83.74 ,,,
03-08-2019,83.44 ,1574471,85.23 ,85.47 ,82.22 ,,,
03-07-2019,85.97 ,2419809,87.67 ,87.67 ,85.71 ,,,
03-06-2019,87.67 ,980913,88.96 ,89.00 ,87.29 ,,,
03-05-2019,88.74 ,827057,90.15 ,90.30 ,88.40 ,,,
03-04-2019,90.15 ,790771,92.17 ,92.49 ,89.59 ,,,
03-01-2019,91.99 ,663598,92.21 ,92.51 ,91.65 ,,,
02-28-2019,91.57 ,647855,90.87 ,91.59 ,90.87 ,,,
02-27-2019,90.80 ,1046610,90.86 ,91.40 ,90.72 ,,,
02-26-2019,91.10 ,1241699,90.15 ,91.24 ,90.00 ,,,
02-25-2019,90.14 ,1232393,89.42 ,90.56 ,89.41 ,,,
02-22-2019,89.04 ,685962,88.10 ,89.10 ,88.10 ,,,
02-21-2019,88.07 ,960466,88.16 ,88.25 ,87.65 ,,,
02-20-2019,88.08 ,755046,87.75 ,88.09 ,87.22 ,,,
02-19-2019,87.82 ,702445,87.47 ,88.19 ,87.43 ,,,
02-15-2019,87.76 ,878822,87.57 ,87.78 ,86.95 ,,,
02-14-2019,87.16 ,1292842,87.23 ,88.94 ,86.53 ,,,
02-13-2019,87.99 ,562604,87.83 ,88.32 ,87.68 ,,,
02-12-2019,87.57 ,498870,86.99 ,87.81 ,86.92 ,,,
02-11-2019,86.70 ,556890,87.28 ,87.39 ,86.39 ,,,
02-08-2019,87.06 ,523608,86.56 ,87.09 ,85.82 ,,,
02-07-2019,86.82 ,610276,86.53 ,86.91 ,85.77 ,,,
02-06-2019,86.93 ,478913,86.88 ,87.12 ,86.46 ,,,
02-05-2019,86.81 ,684668,87.06 ,87.06 ,86.11 ,,,
02-04-2019,86.96 ,818540,87.41 ,87.44 ,85.89 ,,,
02-01-2019,87.38 ,715382,88.04 ,88.69 ,86.85 ,,,
01-31-2019,88.04 ,790790,86.38 ,88.16 ,86.10 ,,,
01-30-2019,86.69 ,1365143,85.03 ,87.98 ,83.91 ,,,
01-29-2019,85.81 ,1294776,86.15 ,86.37 ,85.42 ,,,
01-28-2019,86.07 ,591573,85.11 ,86.08 ,84.71 ,,,
01-25-2019,85.69 ,759631,85.70 ,86.11 ,85.19 ,,,
01-24-2019,84.99 ,1004086,84.48 ,85.08 ,84.23 ,,,
01-23-2019,84.73 ,731685,83.54 ,84.83 ,83.39 ,,,
01-22-2019,83.40 ,987390,83.01 ,83.84 ,82.38 ,,,
01-18-2019,83.14 ,684820,82.90 ,83.81 ,82.44 ,,,
01-17-2019,82.44 ,628826,82.95 ,83.30 ,82.14 ,,,
01-16-2019,82.96 ,939475,81.40 ,83.17 ,81.01 ,,,
01-15-2019,81.04 ,460904,80.36 ,81.27 ,80.36 ,,,
01-14-2019,80.53 ,717178,80.05 ,80.89 ,80.05 ,,,
01-11-2019,80.70 ,731013,80.00 ,80.80 ,79.59 ,,,
01-10-2019,80.55 ,723283,79.83 ,80.68 ,79.16 ,,,
01-09-2019,79.97 ,896552,80.01 ,80.56 ,79.48 ,,,
01-08-2019,79.58 ,1105395,80.37 ,80.98 ,78.90 ,,,
01-07-2019,79.81 ,1406475,79.97 ,80.96 ,79.04 ,,,
01-04-2019,81.95 ,1382027,80.03 ,82.35 ,79.36 ,,,
01-03-2019,78.82 ,1058077,81.92 ,81.92 ,78.66 ,,,
01-02-2019,81.00 ,822436,80.60 ,82.02 ,80.57 ,,,
12-31-2018,81.57 ,458131,80.92 ,82.05 ,80.55 ,,,
12-28-2018,80.53 ,966772,81.13 ,81.85 ,79.60 ,,,
12-27-2018,80.69 ,844290,78.47 ,80.70 ,77.82 ,,,
12-26-2018,79.27 ,799438,77.32 ,79.30 ,75.49 ,,,
12-24-2018,76.75 ,568988,78.43 ,78.89 ,76.67 ,,,
12-21-2018,79.51 ,1664851,80.67 ,82.49 ,79.48 ,,,
12-20-2018,81.01 ,964282,82.85 ,83.20 ,80.53 ,,,
12-19-2018,83.01 ,1017404,83.99 ,84.97 ,82.41 ,,,
12-18-2018,83.74 ,1005670,85.75 ,86.42 ,83.43 ,,,
12-17-2018,85.25 ,876581,86.30 ,86.51 ,85.03 ,,,
12-14-2018,86.54 ,535862,86.72 ,87.34 ,86.01 ,,,
12-13-2018,87.02 ,584859,87.41 ,87.68 ,86.40 ,,,
12-12-2018,87.49 ,560252,88.16 ,88.72 ,87.41 ,,,
12-11-2018,87.31 ,858245,88.26 ,89.62 ,87.24 ,,,
12-10-2018,87.10 ,1033451,87.36 ,87.36 ,85.11 ,,,
12-07-2018,87.36 ,1167414,89.95 ,90.11 ,87.17 ,,,
12-06-2018,89.89 ,1715842,89.61 ,90.19 ,88.74 ,,,
12-04-2018,90.40 ,999176,92.59 ,92.96 ,90.10 ,,,
12-03-2018,92.65 ,900657,92.37 ,93.14 ,91.96 ,,,
11-30-2018,91.32 ,930381,90.33 ,91.62 ,90.04 ,,,
11-29-2018,90.39 ,740688,89.80 ,91.38 ,89.11 ,,,
11-28-2018,89.93 ,1198184,89.89 ,90.21 ,88.66 ,,,
11-27-2018,89.46 ,1040935,89.15 ,89.88 ,88.85 ,,,
11-26-2018,89.43 ,1211417,88.60 ,89.65 ,88.52 ,,,
11-23-2018,87.86 ,652672,87.00 ,88.15 ,86.32 ,,,
11-21-2018,87.26 ,1222686,88.09 ,88.09 ,86.99 ,,,
11-20-2018,87.43 ,1186830,88.25 ,88.25 ,86.33 ,,,
11-19-2018,88.99 ,1012456,88.67 ,89.32 ,88.43 ,,,
11-16-2018,88.74 ,998382,87.72 ,89.00 ,87.20 ,,,
11-15-2018,88.08 ,957960,85.91 ,88.19 ,85.22 ,,,
11-14-2018,85.89 ,1479122,89.14 ,89.72 ,85.64 ,,,
11-13-2018,88.65 ,1055822,88.71 ,89.35 ,88.13 ,,,
11-12-2018,88.60 ,767803,90.38 ,90.55 ,88.32 ,,,
11-09-2018,90.40 ,699096,90.94 ,91.31 ,89.60 ,,,
11-08-2018,91.34 ,670632,90.01 ,91.45 ,90.01 ,,,
11-07-2018,90.76 ,1037883,90.16 ,90.96 ,89.69 ,,,
11-06-2018,89.61 ,829253,88.48 ,89.73 ,88.47 ,,,
11-05-2018,88.76 ,817570,87.14 ,88.83 ,87.08 ,,,
11-02-2018,87.00 ,738810,87.40 ,87.87 ,86.14 ,,,
11-01-2018,87.00 ,1087773,86.57 ,87.48 ,85.94 ,,,
10-31-2018,86.71 ,1160040,86.44 ,87.13 ,86.13 ,,,
10-30-2018,85.83 ,1180541,84.47 ,85.94 ,83.68 ,,,
10-29-2018,84.08 ,1393173,84.37 ,85.07 ,83.10 ,,,
10-26-2018,83.51 ,1429449,83.00 ,84.15 ,82.13 ,,,
10-25-2018,83.59 ,1788006,81.75 ,84.03 ,81.08 ,,,
10-24-2018,81.49 ,2334681,81.21 ,82.86 ,79.99 ,,,
10-23-2018,81.65 ,1851270,79.47 ,81.85 ,79.47 ,,,
10-22-2018,81.01 ,952355,81.07 ,81.71 ,80.84 ,,,
10-19-2018,80.72 ,666063,80.15 ,81.20 ,79.81 ,,,
10-18-2018,79.96 ,829023,80.63 ,81.52 ,79.80 ,,,
10-17-2018,80.63 ,2256206,81.16 ,81.36 ,79.31 ,,,
10-16-2018,81.93 ,808249,80.71 ,82.27 ,80.39 ,,,
10-15-2018,80.01 ,1045446,79.91 ,80.68 ,79.79 ,,,
10-12-2018,80.02 ,1206422,82.88 ,82.88 ,79.09 ,,,
10-11-2018,79.65 ,2048813,81.59 ,82.29 ,78.97 ,,,
10-10-2018,81.97 ,929002,84.24 ,84.66 ,81.86 ,,,
10-09-2018,84.45 ,658434,84.70 ,84.99 ,83.41 ,,,
10-08-2018,84.94 ,599342,85.43 ,85.55 ,84.13 ,,,
10-05-2018,85.53 ,601965,86.03 ,86.46 ,85.18 ,,,
10-04-2018,85.83 ,932879,85.67 ,86.90 ,85.40 ,,,
10-03-2018,85.76 ,903921,86.43 ,86.48 ,85.31 ,,,
10-02-2018,85.92 ,1207684,87.06 ,87.13 ,85.44 ,,,
10-01-2018,87.13 ,1008918,86.41 ,87.36 ,85.88 ,,,
09-28-2018,85.80 ,998791,86.22 ,86.58 ,85.73 ,,,
09-27-2018,86.45 ,1114091,86.21 ,86.78 ,86.07 ,,,
09-26-2018,85.92 ,1379096,87.55 ,88.09 ,85.84 ,,,
09-25-2018,87.68 ,1284913,90.01 ,90.08 ,87.64 ,,,
09-24-2018,89.89 ,715255,90.30 ,90.34 ,89.74 ,,,
09-21-2018,90.55 ,1322173,90.12 ,90.76 ,89.67 ,,,
09-20-2018,89.85 ,873744,90.34 ,90.81 ,89.33 ,,,
09-19-2018,89.97 ,859509,89.68 ,90.30 ,88.93 ,,,
09-18-2018,90.09 ,834936,89.13 ,90.13 ,89.13 ,,,
09-17-2018,89.12 ,1029123,90.75 ,90.75 ,88.99 ,,,
09-14-2018,90.73 ,502342,91.53 ,91.93 ,90.66 ,,,
09-13-2018,91.85 ,653769,91.76 ,91.96 ,90.90 ,,,
09-12-2018,91.52 ,824812,93.82 ,94.14 ,91.34 ,,,
09-11-2018,93.76 ,480764,93.14 ,94.16 ,92.80 ,,,
09-10-2018,93.40 ,469728,93.36 ,94.10 ,93.19 ,,,
09-07-2018,93.15 ,556035,93.07 ,93.70 ,92.80 ,,,
09-06-2018,93.08 ,751718,94.42 ,94.98 ,92.97 ,,,
09-05-2018,94.50 ,941778,96.58 ,96.84 ,94.25 ,,,
09-04-2018,96.74 ,890917,95.51 ,96.76 ,95.47 ,,,
08-31-2018,95.44 ,803981,94.42 ,95.56 ,93.99 ,,,
08-30-2018,94.50 ,460464,94.71 ,94.81 ,94.29 ,,,
08-29-2018,94.85 ,504959,95.06 ,95.39 ,94.53 ,,,
08-28-2018,95.10 ,507929,95.17 ,95.93 ,94.99 ,,,
08-27-2018,95.02 ,668180,94.83 ,95.77 ,94.83 ,,,
08-24-2018,94.73 ,698174,93.35 ,94.96 ,93.24 ,,,
08-23-2018,93.31 ,438737,92.84 ,93.56 ,92.84 ,,,
08-22-2018,92.86 ,459622,92.22 ,92.99 ,91.91 ,,,
08-21-2018,92.53 ,631355,93.19 ,93.36 ,92.42 ,,,
08-20-2018,93.16 ,412647,92.90 ,93.36 ,92.80 ,,,
08-17-2018,93.04 ,526393,92.69 ,93.12 ,92.22 ,,,
08-16-2018,92.69 ,411134,92.99 ,93.20 ,92.20 ,,,
08-15-2018,92.10 ,582872,92.07 ,93.06 ,91.82 ,,,
08-14-2018,92.56 ,603110,92.22 ,92.73 ,92.18 ,,,
08-13-2018,92.00 ,472922,92.24 ,93.35 ,91.50 ,,,
08-10-2018,92.12 ,444464,92.21 ,93.59 ,91.64 ,,,
08-09-2018,92.82 ,418961,93.00 ,93.62 ,92.64 ,,,
08-08-2018,92.96 ,499145,93.47 ,93.62 ,92.81 ,,,
08-07-2018,93.35 ,745418,92.33 ,93.57 ,92.18 ,,,
08-06-2018,91.94 ,478435,91.40 ,92.01 ,91.31 ,,,
08-03-2018,91.49 ,586321,91.75 ,91.97 ,90.93 ,,,
08-02-2018,91.75 ,736808,90.90 ,92.18 ,90.58 ,,,
08-01-2018,91.39 ,848968,91.61 ,92.93 ,91.36 ,,,
07-31-2018,91.40 ,1315872,93.07 ,93.54 ,90.57 ,,,
07-30-2018,92.51 ,1272510,95.76 ,95.82 ,92.33 ,,,
07-27-2018,95.68 ,1246831,94.34 ,95.89 ,94.34 ,,,
07-26-2018,94.06 ,911075,94.07 ,94.61 ,93.87 ,,,
07-25-2018,94.11 ,1204747,94.00 ,94.29 ,92.31 ,,,
07-24-2018,95.23 ,1213668,95.66 ,95.66 ,95.05 ,,,
07-23-2018,95.51 ,750845,94.80 ,95.55 ,94.75 ,,,
07-20-2018,95.00 ,484881,94.73 ,95.08 ,94.30 ,,,
07-19-2018,95.00 ,564138,95.14 ,95.88 ,94.90 ,,,
07-18-2018,95.59 ,524919,94.52 ,95.65 ,94.40 ,,,
07-17-2018,94.45 ,604858,93.55 ,94.50 ,93.32 ,,,
07-16-2018,93.89 ,492169,93.16 ,94.41 ,93.16 ,,,
07-13-2018,93.11 ,606666,93.23 ,93.52 ,92.67 ,,,
07-12-2018,93.37 ,1184369,91.94 ,93.57 ,91.83 ,,,
07-11-2018,91.38 ,731170,90.31 ,91.57 ,90.31 ,,,
07-10-2018,90.76 ,800619,90.78 ,91.44 ,90.63 ,,,
07-09-2018,91.18 ,733706,90.40 ,91.53 ,90.40 ,,,
07-06-2018,90.11 ,791665,90.36 ,90.71 ,89.70 ,,,
07-05-2018,90.33 ,616626,90.32 ,90.88 ,89.76 ,,,
07-03-2018,90.14 ,505302,92.92 ,92.92 ,89.99 ,,,
07-02-2018,91.67 ,496386,91.29 ,92.47 ,90.80 ,,,
06-29-2018,91.27 ,868684,91.84 ,92.57 ,91.24 ,,,
06-28-2018,91.55 ,831284,91.09 ,91.85 ,90.66 ,,,
06-27-2018,91.12 ,925877,91.90 ,92.69 ,91.05 ,,,
06-26-2018,91.65 ,840537,91.71 ,92.29 ,91.24 ,,,
06-25-2018,91.87 ,1220382,93.14 ,93.63 ,91.10 ,,,
06-22-2018,93.60 ,1357135,94.37 ,94.51 ,93.17 ,,,
06-21-2018,94.13 ,1055717,94.11 ,94.68 ,93.17 ,,,
06-20-2018,93.89 ,1058612,94.31 ,94.67 ,93.82 ,,,
06-19-2018,93.99 ,874371,93.67 ,94.07 ,93.21 ,,,
06-18-2018,94.21 ,752581,94.40 ,94.86 ,94.12 ,,,
06-15-2018,94.92 ,853877,94.57 ,95.10 ,94.01 ,,,
06-14-2018,94.77 ,493811,95.39 ,95.79 ,94.65 ,,,
06-13-2018,95.31 ,688207,95.40 ,96.19 ,95.20 ,,,
06-12-2018,95.32 ,646498,95.37 ,95.60 ,94.74 ,,,
06-11-2018,95.11 ,514413,95.28 ,95.59 ,95.03 ,,,
06-08-2018,95.13 ,904713,95.26 ,95.39 ,92.77 ,,,
06-07-2018,95.23 ,1271955,94.74 ,95.71 ,94.71 ,,,
06-06-2018,94.87 ,1154034,93.49 ,94.92 ,93.34 ,,,
06-05-2018,93.30 ,960997,93.21 ,93.69 ,92.82 ,,,
06-04-2018,93.11 ,1577134,92.50 ,93.41 ,92.33 ,,,
06-01-2018,92.09 ,1598551,92.64 ,93.02 ,91.85 ,,,
05-31-2018,91.86 ,1274730,93.29 ,93.98 ,91.65 ,,,
05-30-2018,93.44 ,1407929,92.87 ,94.33 ,92.77 ,,,
05-29-2018,92.20 ,902534,92.23 ,92.88 ,91.61 ,,,
05-25-2018,92.78 ,889153,92.42 ,92.90 ,92.07 ,,,
05-24-2018,92.61 ,1390244,91.77 ,92.72 ,91.08 ,,,
05-23-2018,91.89 ,661631,91.06 ,91.93 ,90.75 ,,,
05-22-2018,91.51 ,978950,91.22 ,91.94 ,90.50 ,,,
05-21-2018,91.21 ,475639,90.32 ,91.36 ,90.32 ,,,
05-18-2018,90.07 ,994341,90.40 ,90.61 ,90.02 ,,,
05-17-2018,90.57 ,509624,89.97 ,90.71 ,89.69 ,,,
05-16-2018,90.24 ,683529,89.95 ,90.71 ,89.38 ,,,
05-15-2018,89.95 ,805704,90.06 ,90.97 ,89.75 ,,,
05-14-2018,90.40 ,719745,90.80 ,91.21 ,90.04 ,,,
05-11-2018,90.54 ,598807,90.37 ,90.89 ,90.16 ,,,
05-10-2018,90.37 ,715429,90.11 ,90.96 ,89.79 ,,,
05-09-2018,90.09 ,640012,88.51 ,90.33 ,88.04 ,,,
05-08-2018,88.36 ,882497,88.72 ,89.11 ,88.24 ,,,
05-07-2018,88.66 ,1016658,87.72 ,88.98 ,87.60 ,,,
05-04-2018,87.70 ,1009504,85.77 ,88.13 ,85.58 ,,,
05-03-2018,86.01 ,1745697,87.65 ,88.18 ,84.96 ,,,
05-02-2018,87.91 ,1319420,88.51 ,89.30 ,87.50 ,,,
05-01-2018,89.01 ,687707,88.01 ,89.06 ,87.96 ,,,
04-30-2018,88.32 ,855851,88.90 ,89.76 ,88.32 ,,,
04-27-2018,88.80 ,1017644,88.32 ,88.95 ,87.75 ,,,
04-26-2018,88.16 ,1368556,88.35 ,88.68 ,87.42 ,,,
04-25-2018,87.79 ,1071456,86.32 ,87.97 ,85.87 ,,,
04-24-2018,86.25 ,1758773,87.32 ,87.66 ,85.85 ,,,
04-23-2018,86.95 ,758939,87.42 ,87.59 ,86.39 ,,,
04-20-2018,87.42 ,1024645,87.00 ,87.66 ,86.75 ,,,
04-19-2018,86.94 ,670160,85.94 ,87.23 ,85.73 ,,,
04-18-2018,85.65 ,853256,86.35 ,86.35 ,85.60 ,,,
04-17-2018,85.90 ,1326529,86.48 ,86.84 ,85.77 ,,,
04-16-2018,85.98 ,773812,86.50 ,86.98 ,85.81 ,,,
04-13-2018,85.93 ,566394,86.82 ,86.93 ,85.69 ,,,
04-12-2018,86.62 ,828563,85.56 ,87.03 ,85.56 ,,,
04-11-2018,85.75 ,762716,85.33 ,86.22 ,85.16 ,,,
04-10-2018,85.95 ,795013,86.14 ,86.41 ,85.03 ,,,
04-09-2018,85.29 ,599385,85.46 ,86.66 ,84.96 ,,,
04-06-2018,85.20 ,919033,85.90 ,86.19 ,84.49 ,,,
04-05-2018,86.31 ,1041184,86.50 ,86.94 ,86.01 ,,,
04-04-2018,86.22 ,1030817,85.41 ,86.40 ,85.14 ,,,
04-03-2018,86.65 ,1639013,85.58 ,86.71 ,85.10 ,,,
04-02-2018,85.53 ,1623440,86.22 ,86.41 ,84.46 ,,,
03-29-2018,86.22 ,1435808,84.37 ,86.61 ,84.02 ,,,
03-28-2018,83.49 ,1489345,81.94 ,84.73 ,81.94 ,,,
03-27-2018,81.92 ,1379840,83.71 ,84.46 ,81.39 ,,,
03-26-2018,83.50 ,820044,81.94 ,83.71 ,81.77 ,,,
03-23-2018,80.72 ,651019,82.21 ,82.65 ,80.62 ,,,
03-22-2018,82.02 ,680794,83.61 ,84.13 ,81.92 ,,,
03-21-2018,84.21 ,544465,84.12 ,84.89 ,83.99 ,,,
03-20-2018,84.15 ,908760,84.01 ,84.74 ,83.73 ,,,
03-19-2018,83.62 ,490083,83.92 ,84.20 ,82.86 ,,,
03-16-2018,83.97 ,884869,84.19 ,84.49 ,83.56 ,,,
03-15-2018,84.08 ,658238,84.36 ,84.36 ,83.54 ,,,
03-14-2018,84.37 ,548614,85.60 ,85.64 ,84.10 ,,,
03-13-2018,85.25 ,478748,86.47 ,86.47 ,85.02 ,,,
03-12-2018,85.89 ,829247,86.72 ,87.00 ,85.18 ,,,
03-09-2018,86.53 ,680542,85.41 ,86.67 ,85.09 ,,,
03-08-2018,84.86 ,631342,84.22 ,85.01 ,83.64 ,,,
03-07-2018,83.95 ,555025,83.05 ,84.11 ,83.03 ,,,
03-06-2018,83.91 ,1209708,82.57 ,84.47 ,82.04 ,,,
03-05-2018,81.77 ,528173,80.19 ,81.94 ,79.99 ,,,
03-02-2018,80.59 ,461168,79.28 ,80.78 ,79.05 ,,,
03-01-2018,79.60 ,657376,81.00 ,81.00 ,79.22 ,,,
02-28-2018,80.75 ,695160,82.13 ,82.71 ,80.74 ,,,
02-27-2018,81.69 ,1047744,81.74 ,82.54 ,81.23 ,,,
02-26-2018,81.66 ,1130688,81.08 ,81.72 ,80.66 ,,,
02-23-2018,80.48 ,1437628,78.66 ,80.50 ,78.52 ,,,
02-22-2018,78.20 ,487798,79.32 ,79.66 ,77.96 ,,,
02-21-2018,79.12 ,872676,79.06 ,80.66 ,78.84 ,,,
02-20-2018,78.80 ,1154061,78.85 ,80.44 ,78.55 ,,,
02-16-2018,79.02 ,1073955,79.92 ,80.30 ,78.86 ,,,
02-15-2018,80.38 ,852486,80.44 ,80.68 ,78.60 ,,,
02-14-2018,79.76 ,1245868,78.20 ,79.86 ,77.90 ,,,
02-13-2018,78.50 ,742644,77.38 ,78.66 ,77.06 ,,,
02-12-2018,77.56 ,1133618,77.05 ,78.14 ,77.04 ,,,
02-09-2018,76.11 ,1647379,75.22 ,76.66 ,73.83 ,,,
02-08-2018,75.21 ,1629638,77.17 ,77.93 ,74.80 ,,,
02-07-2018,77.27 ,1445016,77.52 ,78.65 ,77.24 ,,,
02-06-2018,77.72 ,2873978,74.91 ,78.01 ,72.98 ,,,
02-05-2018,77.47 ,2086953,79.59 ,80.98 ,77.20 ,,,
02-02-2018,80.34 ,1496022,81.04 ,81.80 ,80.28 ,,,
02-01-2018,81.37 ,1165154,80.31 ,82.16 ,80.15 ,,,
01-31-2018,80.91 ,1741678,82.05 ,83.29 ,80.53 ,,,
01-30-2018,81.85 ,1429295,81.49 ,82.22 ,81.37 ,,,
01-29-2018,81.65 ,1568323,81.36 ,82.34 ,81.26 ,,,
01-26-2018,81.36 ,446925,81.40 ,81.40 ,80.77 ,,,
01-25-2018,81.18 ,661013,81.28 ,81.85 ,80.85 ,,,
01-24-2018,81.17 ,715856,80.52 ,81.32 ,79.93 ,,,
01-23-2018,80.21 ,477113,80.69 ,80.85 ,79.79 ,,,
01-22-2018,80.63 ,813319,80.40 ,80.66 ,80.11 ,,,
01-19-2018,80.07 ,671309,79.96 ,80.34 ,79.83 ,,,
01-18-2018,79.83 ,1722601,80.20 ,80.24 ,78.90 ,,,
01-17-2018,80.46 ,681022,80.83 ,80.83 ,80.32 ,,,
01-16-2018,80.42 ,709877,81.88 ,82.15 ,80.23 ,,,
01-12-2018,81.43 ,924111,80.71 ,81.55 ,80.26 ,,,
01-11-2018,80.46 ,726584,81.30 ,81.30 ,79.96 ,,,
01-10-2018,81.23 ,929548,80.40 ,81.38 ,80.14 ,,,
01-09-2018,80.17 ,571920,80.15 ,80.75 ,80.09 ,,,
01-08-2018,79.96 ,848238,79.26 ,80.53 ,79.20 ,,,
01-05-2018,79.21 ,933470,79.01 ,79.55 ,78.70 ,,,
01-04-2018,78.69 ,980978,77.64 ,78.96 ,77.54 ,,,
01-03-2018,77.66 ,1013675,76.64 ,77.87 ,76.58 ,,,
01-02-2018,76.74 ,1120667,77.15 ,77.32 ,76.48 ,,,
12-29-2017,76.83 ,923380,76.80 ,77.17 ,76.60 ,,,
12-28-2017,76.67 ,400997,76.35 ,76.74 ,76.30 ,,,
12-27-2017,76.34 ,662766,76.18 ,76.83 ,76.03 ,,,
12-26-2017,76.13 ,520790,76.25 ,76.25 ,75.84 ,,,
12-22-2017,76.09 ,780101,75.61 ,76.13 ,75.35 ,,,
12-21-2017,75.40 ,784787,75.29 ,75.71 ,75.13 ,,,
12-20-2017,75.05 ,861910,76.38 ,76.72 ,74.95 ,,,
12-19-2017,76.11 ,1021765,77.07 ,77.32 ,76.01 ,,,
12-18-2017,76.97 ,772113,77.85 ,77.90 ,76.85 ,,,
12-15-2017,77.51 ,1306538,77.94 ,78.11 ,77.32 ,,,
12-14-2017,77.47 ,567165,78.10 ,78.49 ,77.36 ,,,
12-13-2017,78.21 ,695325,79.26 ,79.50 ,78.13 ,,,
12-12-2017,79.27 ,703378,79.21 ,79.63 ,78.84 ,,,
12-11-2017,79.22 ,907670,79.20 ,80.14 ,78.99 ,,,
12-08-2017,78.78 ,667188,77.94 ,78.81 ,77.48 ,,,
12-07-2017,77.79 ,1103887,78.38 ,78.54 ,76.76 ,,,
12-06-2017,78.32 ,686035,78.74 ,79.17 ,78.13 ,,,
12-05-2017,78.51 ,841984,78.90 ,79.14 ,78.21 ,,,
12-04-2017,78.93 ,1146562,80.00 ,80.00 ,78.69 ,,,
12-01-2017,79.26 ,728818,79.46 ,79.72 ,78.75 ,,,
11-30-2017,79.16 ,1092933,78.98 ,79.85 ,78.70 ,,,
11-29-2017,78.56 ,1347500,78.55 ,79.68 ,78.31 ,,,
11-28-2017,78.34 ,979510,77.45 ,78.42 ,77.09 ,,,
11-27-2017,77.23 ,405621,77.48 ,77.74 ,77.08 ,,,
11-24-2017,77.25 ,236584,77.30 ,77.43 ,77.08 ,,,
11-22-2017,77.17 ,746625,77.37 ,77.37 ,76.97 ,,,
11-21-2017,77.24 ,767220,77.13 ,77.37 ,76.93 ,,,
11-20-2017,76.89 ,1047981,75.95 ,77.15 ,75.95 ,,,
11-17-2017,75.95 ,1044407,76.00 ,76.18 ,75.76 ,,,
11-16-2017,75.97 ,884164,76.00 ,76.24 ,75.79 ,,,
11-15-2017,75.93 ,1292277,75.93 ,76.44 ,75.65 ,,,
11-14-2017,75.97 ,1073809,75.31 ,76.01 ,75.03 ,,,
11-13-2017,75.41 ,1349540,73.64 ,75.89 ,73.32 ,,,
11-10-2017,73.57 ,1196044,73.45 ,73.76 ,72.95 ,,,
11-09-2017,73.73 ,1001399,72.56 ,73.79 ,72.15 ,,,
11-08-2017,72.74 ,633580,72.12 ,72.91 ,71.95 ,,,
11-07-2017,72.02 ,1211322,71.80 ,72.77 ,71.65 ,,,
11-06-2017,71.97 ,627327,72.22 ,72.46 ,71.83 ,,,
11-03-2017,72.40 ,686543,73.09 ,73.14 ,72.33 ,,,
11-02-2017,73.17 ,1064648,72.34 ,73.43 ,72.07 ,,,
11-01-2017,72.41 ,725117,73.02 ,73.02 ,72.36 ,,,
10-31-2017,72.65 ,1027135,72.40 ,72.84 ,71.95 ,,,
10-30-2017,72.40 ,1894939,72.29 ,73.13 ,72.06 ,,,
10-27-2017,72.34 ,1321358,72.66 ,72.66 ,71.77 ,,,
10-26-2017,72.29 ,1464437,72.61 ,72.87 ,72.01 ,,,
10-25-2017,72.44 ,1951051,72.71 ,73.62 ,72.35 ,,,
10-24-2017,73.45 ,1323288,73.75 ,73.94 ,73.24 ,,,
10-23-2017,73.49 ,1300540,72.88 ,73.58 ,72.63 ,,,
10-20-2017,72.92 ,1934448,73.02 ,73.47 ,72.20 ,,,
10-19-2017,72.94 ,1992806,73.93 ,74.04 ,72.41 ,,,
10-18-2017,74.60 ,1691949,74.68 ,74.92 ,74.20 ,,,
10-17-2017,74.71 ,979752,74.19 ,74.91 ,73.98 ,,,
10-16-2017,74.11 ,910306,74.34 ,74.50 ,73.75 ,,,
10-13-2017,74.34 ,1148782,74.80 ,74.95 ,74.10 ,,,
10-12-2017,74.91 ,1308733,75.71 ,75.75 ,74.72 ,,,
10-11-2017,75.63 ,1326391,74.66 ,75.69 ,74.38 ,,,
10-10-2017,74.56 ,1245262,74.34 ,74.79 ,73.64 ,,,
10-09-2017,74.50 ,2026358,73.50 ,75.30 ,73.43 ,,,
10-06-2017,73.90 ,2586214,77.73 ,77.85 ,73.71 ,,,
10-05-2017,77.65 ,708325,77.73 ,78.07 ,77.42 ,,,
10-04-2017,77.57 ,678632,77.54 ,77.65 ,77.11 ,,,
10-03-2017,77.75 ,856933,77.62 ,78.00 ,77.15 ,,,
10-02-2017,77.79 ,693255,77.67 ,77.82 ,77.15 ,,,
09-29-2017,77.57 ,571404,77.57 ,77.83 ,77.01 ,,,
09-28-2017,77.63 ,700083,77.10 ,78.31 ,76.98 ,,,
09-27-2017,77.13 ,577291,76.86 ,77.46 ,76.70 ,,,
09-26-2017,76.37 ,517419,77.47 ,77.50 ,76.33 ,,,
09-25-2017,77.12 ,886310,76.43 ,77.15 ,75.90 ,,,
09-22-2017,76.42 ,471519,76.08 ,76.67 ,75.91 ,,,
09-21-2017,76.10 ,846265,76.83 ,76.83 ,75.38 ,,,
09-20-2017,76.74 ,1074551,75.89 ,76.89 ,75.66 ,,,
09-19-2017,76.32 ,879382,75.28 ,76.44 ,75.27 ,,,
09-18-2017,75.09 ,973816,74.81 ,75.28 ,74.61 ,,,
09-15-2017,74.75 ,1417068,74.73 ,75.20 ,74.41 ,,,
09-14-2017,74.70 ,1198266,74.34 ,74.74 ,74.30 ,,,
09-13-2017,74.74 ,645010,74.91 ,75.09 ,74.50 ,,,
09-12-2017,75.03 ,536376,73.90 ,75.04 ,73.77 ,,,
09-11-2017,74.17 ,1443236,74.64 ,75.16 ,74.06 ,,,
09-08-2017,74.35 ,843504,73.75 ,74.75 ,73.75 ,,,
09-07-2017,73.72 ,1097959,74.22 ,74.35 ,73.35 ,,,
09-06-2017,74.19 ,769996,74.64 ,75.08 ,74.15 ,,,
09-05-2017,74.38 ,1142468,75.37 ,75.37 ,73.70 ,,,
09-01-2017,75.37 ,550552,75.48 ,75.69 ,75.19 ,,,
08-31-2017,75.38 ,587548,75.17 ,75.76 ,75.17 ,,,
08-30-2017,75.08 ,585789,75.15 ,75.53 ,75.05 ,,,
08-29-2017,75.21 ,766268,75.13 ,75.38 ,74.87 ,,,
08-28-2017,75.63 ,546231,76.00 ,76.15 ,75.38 ,,,
08-25-2017,75.75 ,560380,75.25 ,76.15 ,75.25 ,,,
08-24-2017,74.94 ,854646,75.90 ,75.90 ,74.91 ,,,
08-23-2017,75.69 ,690247,76.13 ,76.13 ,75.61 ,,,
08-22-2017,76.44 ,693772,75.58 ,76.67 ,75.42 ,,,
08-21-2017,75.29 ,920727,74.90 ,75.44 ,74.67 ,,,
08-18-2017,74.91 ,1539391,76.13 ,76.20 ,74.62 ,,,
08-17-2017,76.28 ,551857,77.05 ,77.44 ,76.19 ,,,
08-16-2017,77.12 ,601729,77.30 ,77.75 ,77.03 ,,,
08-15-2017,77.00 ,782613,77.09 ,77.20 ,76.83 ,,,
08-14-2017,76.80 ,706463,75.96 ,76.91 ,75.94 ,,,