,Date,Close-Last,Volume,Open,High,Low
0,11-08-2022,186.57,441859,187.26,187.98,185.94
1,10-08-2022,186.6,667469,185.28,187.27,185.04
2,09-08-2022,183.17,449929,182.39,183.5,182.01
3,08-08-2022,182.85,343781,182.09,183.96,181.75
4,05-08-2022,182.07,487097,181.51,182.81,180.42
5,04-08-2022,182.79,653769,180.73,183.12,180.65
6,03-08-2022,180.17,620148,179.08,180.72,178.38
7,02-08-2022,178.69,667811,178.17,179.71,177.19
8,01-08-2022,178.86,634200,179.28,180.8,178.29
9,29-07-2022,180.9,752576,179.17,181.34,178.68
10,28-07-2022,179.42,1076430,174.41,180.26,173.92
11,27-07-2022,173.99,848036,173.98,175.0,172.82
12,26-07-2022,173.01,1107081,170.88,173.27,170.0
13,25-07-2022,172.0,994844,172.74,173.99,170.78
14,22-07-2022,172.6,1382953,174.07,174.9,171.48
15,21-07-2022,174.0,1239982,169.6,174.05,168.43
16,20-07-2022,169.04,1643956,162.53,169.99,162.5
17,19-07-2022,159.32,735680,156.47,159.85,155.95
18,18-07-2022,154.78,687121,157.76,158.46,154.29
19,15-07-2022,157.07,643022,154.3,157.09,154.3
20,14-07-2022,153.52,629173,152.32,154.01,151.54
21,13-07-2022,154.34,531413,152.37,155.26,152.32
22,12-07-2022,154.77,1194493,157.78,159.97,154.32
23,11-07-2022,157.63,660606,156.03,158.3,155.42
24,08-07-2022,156.56,701905,156.46,157.48,155.38
25,07-07-2022,156.7,719604,156.52,157.9,155.79
26,06-07-2022,156.79,911241,158.21,159.92,156.49
27,05-07-2022,157.49,803043,155.01,157.74,153.6
28,01-07-2022,155.59,882281,152.31,156.13,151.99
29,30-06-2022,152.54,785966,151.55,154.04,150.99
30,29-06-2022,153.06,774094,154.55,155.02,151.89
31,28-06-2022,154.66,644371,157.93,159.34,154.56
32,27-06-2022,157.93,749059,159.81,159.97,157.51
33,24-06-2022,159.28,1588053,159.12,160.0,157.83
34,23-06-2022,158.26,1538917,154.73,158.63,154.24
35,22-06-2022,153.61,932803,151.4,154.97,150.0
36,21-06-2022,152.63,1058715,150.0,153.56,150.0
37,17-06-2022,148.85,2347718,148.42,150.57,147.6
38,16-06-2022,148.55,1177098,147.93,149.34,146.26
39,15-06-2022,149.92,1053836,146.33,151.61,146.24
40,14-06-2022,145.87,1595863,147.15,147.22,144.18
41,13-06-2022,146.86,1232258,146.76,148.44,144.87
42,10-06-2022,150.19,1240794,151.31,151.91,148.75
43,09-06-2022,152.75,806605,153.24,154.72,152.51
44,08-06-2022,153.91,725069,154.19,156.32,153.31
45,07-06-2022,154.76,556134,152.86,154.8,152.39
46,06-06-2022,154.11,676090,155.23,156.74,153.56
47,03-06-2022,154.07,582699,154.1,154.48,152.73
48,02-06-2022,154.81,891468,152.61,154.82,151.41
49,01-06-2022,152.27,582028,155.44,156.39,152.18
50,31-05-2022,155.26,1636256,154.29,156.37,153.98
51,27-05-2022,155.64,930050,152.52,155.69,151.18
52,26-05-2022,150.93,790243,148.21,151.55,147.51
53,25-05-2022,147.5,879871,146.22,148.39,145.7
54,24-05-2022,146.63,779609,146.43,147.27,144.1
55,23-05-2022,147.71,828208,147.45,148.44,145.72
56,20-05-2022,146.13,1985594,144.26,146.34,143.54
57,19-05-2022,143.08,1105108,140.9,143.77,140.31
58,18-05-2022,142.09,722190,147.86,147.86,141.63
59,17-05-2022,148.79,967512,148.64,149.26,147.33
60,16-05-2022,146.13,651595,147.3,147.68,145.51
61,13-05-2022,147.49,855264,145.27,148.52,145.27
62,12-05-2022,144.33,788146,142.6,145.27,141.22
63,11-05-2022,143.23,999396,145.04,147.34,143.13
64,10-05-2022,145.78,1121841,148.58,149.87,144.21
65,09-05-2022,146.18,736437,150.59,150.65,145.7
66,06-05-2022,152.29,675122,153.92,154.22,150.57
67,05-05-2022,154.9,851539,158.84,159.78,153.54
68,04-05-2022,160.1,1454291,157.8,160.4,156.35
69,03-05-2022,157.84,772902,156.16,158.83,156.1
70,02-05-2022,156.69,921605,157.25,158.78,153.34
71,29-04-2022,157.37,926035,161.73,162.08,157.06
72,28-04-2022,162.55,1340544,160.61,163.24,159.43
73,27-04-2022,160.05,2080497,161.33,163.44,159.85
74,26-04-2022,161.67,899987,166.6,167.08,161.6
75,25-04-2022,166.64,1177848,166.01,167.39,164.7
76,22-04-2022,166.85,830410,169.19,170.18,166.76
77,21-04-2022,169.44,1041312,173.11,173.62,168.7
78,20-04-2022,172.81,1261281,179.5,179.5,171.73
79,19-04-2022,181.04,630569,177.79,181.2,177.79
80,18-04-2022,178.34,453449,177.53,178.84,176.65
81,14-04-2022,178.55,426551,181.71,182.37,178.43
82,13-04-2022,181.39,396769,180.48,181.8,179.0
83,12-04-2022,180.06,668253,183.1,184.29,179.2
84,11-04-2022,182.33,818394,182.38,183.23,179.19
85,08-04-2022,183.42,576615,183.94,184.47,182.31
86,07-04-2022,183.0,659214,182.85,183.86,181.63
87,06-04-2022,183.58,883512,180.4,184.17,179.57
88,05-04-2022,182.04,842706,181.92,184.69,181.72
89,04-04-2022,182.36,874136,182.23,183.35,181.0
90,01-04-2022,181.92,636814,179.82,182.08,178.16
91,31-03-2022,178.2,1079161,182.6,183.88,177.88
92,30-03-2022,181.88,826064,180.96,182.8,180.2
93,29-03-2022,181.32,770717,178.74,182.1,178.72
94,28-03-2022,177.54,440872,175.03,177.64,175.02
95,25-03-2022,175.28,463664,175.31,176.02,174.2
96,24-03-2022,174.63,335892,174.67,175.29,173.35
97,23-03-2022,174.14,496134,177.15,177.15,174.03
98,22-03-2022,177.51,687978,178.0,178.43,175.94
99,21-03-2022,177.64,523891,179.23,179.46,176.65
100,18-03-2022,179.23,949600,176.64,179.92,176.19
101,17-03-2022,176.1,512882,173.3,176.15,172.9
102,16-03-2022,173.32,585845,170.78,174.1,169.42
103,15-03-2022,169.58,706802,167.88,170.04,166.97
104,14-03-2022,166.58,1062952,166.09,167.77,165.22
105,11-03-2022,164.87,706201,168.06,168.46,164.82
106,10-03-2022,166.48,879178,166.36,167.3,162.58
107,09-03-2022,168.67,891504,168.41,169.71,166.55
108,08-03-2022,165.0,1582205,167.26,168.93,162.44
109,07-03-2022,168.37,1221038,171.32,172.0,168.07
110,04-03-2022,171.53,1139326,171.48,171.68,169.12
111,03-03-2022,172.48,577781,173.29,173.71,171.09
112,02-03-2022,172.07,774032,171.37,173.73,170.48
113,01-03-2022,169.99,773602,170.99,172.13,168.96
114,28-02-2022,171.15,1089100,170.62,172.76,169.59
115,25-02-2022,172.72,954572,170.86,173.21,170.45
116,24-02-2022,170.19,1201805,161.31,170.96,161.0
117,23-02-2022,168.19,875474,170.17,171.61,167.62
118,22-02-2022,168.97,1060734,168.52,171.76,168.33
119,18-02-2022,171.54,1563820,171.82,173.22,170.18
120,17-02-2022,171.88,722234,173.87,174.13,171.62
121,16-02-2022,174.66,678104,174.47,175.53,173.23
122,15-02-2022,175.04,785786,174.98,176.34,174.25
123,14-02-2022,171.93,952741,172.64,173.59,170.75
124,11-02-2022,172.37,1101578,177.19,177.59,171.88
125,10-02-2022,177.18,858046,176.49,180.61,175.68
126,09-02-2022,179.65,989084,180.09,182.71,178.2
127,08-02-2022,177.86,727363,177.77,178.52,174.68
128,07-02-2022,178.59,891562,180.66,181.0,178.0
129,04-02-2022,178.62,820031,177.74,180.86,177.26
130,03-02-2022,178.03,641566,180.22,181.0,177.86
131,02-02-2022,182.38,822007,180.78,182.76,180.57
132,01-02-2022,180.13,898654,179.77,180.75,177.94
133,31-01-2022,179.21,1006646,175.34,179.68,175.0
134,28-01-2022,174.66,1021862,172.31,174.78,169.73
135,27-01-2022,172.31,1650567,174.78,176.23,170.56
136,26-01-2022,169.5,1683341,176.54,177.18,166.81
137,25-01-2022,174.98,1401386,173.22,176.57,171.65
138,24-01-2022,176.33,1720152,174.38,176.59,167.5
139,21-01-2022,176.92,1407436,179.03,180.65,176.35
140,20-01-2022,179.97,1021193,181.58,185.0,179.64
141,19-01-2022,181.11,1540632,184.21,185.0,180.89
142,18-01-2022,183.78,1418921,183.47,185.08,182.21
143,14-01-2022,186.14,1648943,185.67,186.69,183.33
144,13-01-2022,187.22,1368742,193.35,194.17,186.75
145,12-01-2022,193.24,549591,193.44,194.79,192.62
146,11-01-2022,192.56,768368,189.46,192.73,186.85
147,10-01-2022,189.12,1776849,191.84,192.95,185.86
148,07-01-2022,193.51,763513,194.31,195.0,191.04
149,06-01-2022,195.46,1048648,194.57,195.8,191.23
150,05-01-2022,195.02,1187707,198.01,198.63,194.91
151,04-01-2022,197.39,1342234,200.11,201.84,195.51
152,03-01-2022,202.46,1063798,210.87,210.87,200.72
153,31-12-2021,210.01,389606,209.0,211.34,208.6
154,30-12-2021,209.11,332926,210.04,211.41,208.81
155,29-12-2021,209.97,270672,210.27,211.66,209.66
156,28-12-2021,209.73,389466,209.71,210.69,208.99
157,27-12-2021,208.98,659609,206.3,209.0,205.84
158,23-12-2021,205.42,593604,205.0,206.73,204.5
159,22-12-2021,204.2,597364,202.26,204.35,201.46
160,21-12-2021,202.24,426928,200.08,202.42,199.6
161,20-12-2021,198.5,506658,198.41,199.63,195.76
162,17-12-2021,201.07,906451,202.7,203.42,199.75
163,16-12-2021,203.65,1013481,203.93,206.65,202.8
164,15-12-2021,202.03,839803,200.44,202.09,198.7
165,14-12-2021,199.73,1056559,203.44,204.35,197.62
166,13-12-2021,205.48,620068,206.18,207.3,204.21
167,10-12-2021,205.78,380523,206.21,206.21,203.02
168,09-12-2021,204.14,384738,207.29,207.65,204.06
169,08-12-2021,207.39,515415,206.0,207.69,204.46
170,07-12-2021,205.55,834414,201.33,205.85,200.1
171,06-12-2021,197.98,1025438,200.7,200.97,196.04
172,03-12-2021,200.12,882785,203.08,203.91,196.15
173,02-12-2021,201.23,940800,200.02,203.08,198.1
174,01-12-2021,199.03,871594,205.78,205.81,198.89
175,30-11-2021,203.23,1157526,207.73,208.98,202.7
176,29-11-2021,209.08,899684,206.67,210.35,205.81
177,26-11-2021,203.68,565579,205.83,207.78,203.04
178,24-11-2021,208.6,600025,206.26,208.79,205.73
179,23-11-2021,207.91,500644,207.61,208.34,204.03
180,22-11-2021,207.69,556267,208.48,210.46,207.49
181,19-11-2021,207.77,577251,209.01,209.41,207.34
182,18-11-2021,208.7,544613,211.14,211.4,208.02
183,17-11-2021,209.94,708975,212.75,213.27,208.62
184,16-11-2021,211.97,484893,209.56,213.65,209.0
185,15-11-2021,209.73,518456,209.1,211.34,208.81
186,12-11-2021,208.42,1287317,207.61,209.27,204.48
187,11-11-2021,206.2,972114,208.15,208.79,205.63
188,10-11-2021,207.38,646917,210.15,210.81,206.46
189,09-11-2021,210.81,643445,212.15,212.62,210.1
190,08-11-2021,211.69,566063,214.1,214.22,209.54
191,05-11-2021,212.83,575183,213.42,214.96,211.89
192,04-11-2021,212.27,505057,211.35,212.8,209.78
193,03-11-2021,209.48,714390,210.59,211.83,206.82
194,02-11-2021,211.22,773773,210.27,213.47,209.28
195,01-11-2021,209.9,724470,211.03,211.66,206.64
196,29-10-2021,209.87,675951,206.64,210.66,206.14
197,28-10-2021,207.01,653284,202.2,207.02,202.13
198,27-10-2021,202.39,671953,201.05,203.83,200.0
199,26-10-2021,201.48,835660,202.31,204.31,200.04
200,25-10-2021,201.5,640418,201.44,201.77,197.89
201,22-10-2021,201.72,622693,199.34,201.94,199.33
202,21-10-2021,198.86,1284541,198.93,201.95,196.66
203,20-10-2021,199.16,2420287,208.68,209.8,196.75
204,19-10-2021,208.86,938368,204.01,208.86,204.0
205,18-10-2021,203.49,699506,202.82,204.52,201.83
206,15-10-2021,203.02,761757,201.42,203.42,200.33
207,14-10-2021,200.64,700805,199.11,201.22,198.89
208,13-10-2021,197.42,788344,197.68,198.84,195.15
209,12-10-2021,197.48,748766,198.42,198.9,196.19
210,11-10-2021,197.68,869271,196.59,202.5,196.26
211,08-10-2021,197.4,535754,198.0,199.15,196.53
212,07-10-2021,197.91,625168,196.0,199.09,196.0
213,06-10-2021,194.64,949082,193.99,195.9,192.3
214,05-10-2021,195.26,1054187,189.57,195.58,189.26
215,04-10-2021,188.97,1067424,193.48,195.33,188.74
216,01-10-2021,193.73,797960,194.12,194.75,190.66
217,30-09-2021,193.02,1062734,195.1,197.33,192.92
218,29-09-2021,193.99,873981,191.93,194.41,190.92
219,28-09-2021,190.96,1309962,193.83,194.33,189.38
220,27-09-2021,195.78,896540,196.64,196.64,194.52
221,24-09-2021,196.78,662580,194.91,197.13,194.39
222,23-09-2021,195.58,745819,195.42,196.73,195.26
223,22-09-2021,194.5,661279,193.73,194.7,192.05
224,21-09-2021,191.9,491598,192.46,192.72,191.22
225,20-09-2021,190.98,769160,189.67,192.11,188.51
226,17-09-2021,192.9,1263426,194.86,194.91,191.0
227,16-09-2021,195.43,409867,196.0,196.46,194.56
228,15-09-2021,195.84,468199,195.59,197.14,194.5
229,14-09-2021,195.55,464679,194.58,196.57,194.58
230,13-09-2021,194.32,547525,196.65,198.0,192.97
231,10-09-2021,196.04,567424,198.64,198.79,195.96
232,09-09-2021,197.94,520636,197.86,199.88,197.52
233,08-09-2021,198.43,411612,196.3,198.62,196.3
234,07-09-2021,196.47,568233,199.69,199.69,195.06
235,03-09-2021,198.53,490843,198.05,199.67,197.82
236,02-09-2021,197.91,599402,198.51,198.93,196.04
237,01-09-2021,197.96,575328,196.58,198.39,194.57
238,31-08-2021,195.78,795216,194.65,196.19,193.97
239,30-08-2021,194.1,395468,194.36,195.68,193.59
240,27-08-2021,193.48,359589,191.21,193.51,191.21
241,26-08-2021,191.17,425344,191.3,191.81,189.97
242,25-08-2021,191.63,370528,190.91,192.09,190.04
243,24-08-2021,190.86,367667,191.36,192.0,190.74
244,23-08-2021,190.54,511465,189.29,191.61,189.29
245,20-08-2021,188.67,533121,188.54,189.77,187.3
246,19-08-2021,188.02,725432,184.51,189.47,183.41
247,18-08-2021,186.89,807296,190.19,190.19,186.75
248,17-08-2021,189.99,747089,191.73,191.84,189.49
249,16-08-2021,192.17,392591,191.3,192.28,190.01
250,13-08-2021,190.99,310941,190.2,191.47,190.0
251,12-08-2021,190.09,455385,189.92,190.87,187.81
252,11-08-2021,189.32,414158,189.33,190.39,188.69
253,10-08-2021,188.86,583851,188.78,190.05,187.68
254,09-08-2021,188.68,550341,188.82,189.03,187.86
255,06-08-2021,188.72,526188,189.34,190.31,187.56
256,05-08-2021,188.68,675065,190.0,190.69,187.51
257,04-08-2021,189.36,728899,188.13,190.45,187.66
258,03-08-2021,188.67,607076,189.19,189.54,187.72
259,02-08-2021,188.43,553902,188.3,188.94,187.03
260,30-07-2021,186.73,616465,186.55,188.15,185.79
261,29-07-2021,186.68,564935,185.89,187.53,184.55
262,28-07-2021,185.53,594985,185.77,186.06,184.15
263,27-07-2021,185.69,663120,185.93,188.08,185.24
264,26-07-2021,186.58,681894,187.11,187.55,184.45
265,23-07-2021,187.76,735420,186.09,188.48,185.67
266,22-07-2021,185.34,1027537,187.56,188.21,185.13
267,21-07-2021,186.28,1295891,181.34,187.03,181.34
268,20-07-2021,180.9,1128001,177.77,182.72,176.62
269,19-07-2021,177.15,926079,177.69,178.63,175.93
270,16-07-2021,178.55,917660,178.49,180.23,178.08
271,15-07-2021,178.65,649752,177.75,179.5,177.23
272,14-07-2021,178.08,710319,179.37,179.37,176.25
273,13-07-2021,179.09,890344,180.11,181.0,178.37
274,12-07-2021,179.65,1147729,175.78,180.99,175.78
275,09-07-2021,175.77,510481,174.41,175.91,174.24
276,08-07-2021,174.08,646764,174.36,175.37,173.57
277,07-07-2021,176.16,714576,177.06,177.25,175.27
278,06-07-2021,176.36,674310,178.28,178.41,175.69
279,02-07-2021,177.88,969003,176.5,178.05,175.94
280,01-07-2021,176.03,1123504,177.89,177.89,175.8
281,30-06-2021,175.8,1164149,176.55,176.71,175.18
282,29-06-2021,176.85,662879,177.68,178.3,176.65
283,28-06-2021,177.11,980804,178.51,178.71,176.98
284,25-06-2021,178.07,789506,178.59,178.93,177.18
285,24-06-2021,177.8,867183,178.9,179.3,177.35
286,23-06-2021,177.96,947836,179.0,179.63,177.61
287,22-06-2021,178.7,666161,178.93,179.74,178.26
288,21-06-2021,178.78,1045310,176.82,179.28,175.89
289,18-06-2021,175.8,1787809,178.25,178.8,175.26
290,17-06-2021,179.79,1147581,178.09,180.53,176.65
291,16-06-2021,177.35,965672,176.24,178.38,175.72
292,15-06-2021,176.29,665820,175.6,177.55,175.07
293,14-06-2021,175.16,684357,172.49,175.17,171.51
294,11-06-2021,172.95,834727,170.26,173.03,169.94
295,10-06-2021,168.36,560326,169.56,169.56,168.08
296,09-06-2021,169.12,557615,169.41,169.54,168.43
297,08-06-2021,168.96,637680,169.45,170.35,168.79
298,07-06-2021,168.9,580932,170.91,171.0,168.63
299,04-06-2021,170.23,565893,168.68,170.4,167.61
300,03-06-2021,168.06,794051,166.89,168.75,166.24
301,02-06-2021,166.84,941172,165.59,167.34,165.0
302,01-06-2021,164.45,646420,168.2,168.66,164.27
303,28-05-2021,167.46,468943,167.15,167.85,166.11
304,27-05-2021,165.98,723462,165.71,166.19,164.93
305,26-05-2021,165.45,454240,164.67,166.38,164.63
306,25-05-2021,164.31,488412,165.61,166.16,163.81
307,24-05-2021,164.92,403389,164.34,166.01,164.34
308,21-05-2021,163.87,1349840,162.9,164.84,162.88
309,20-05-2021,163.46,415667,161.51,164.53,161.25
310,19-05-2021,160.94,648805,160.24,161.18,159.44
311,18-05-2021,161.94,524175,164.11,164.53,161.87
312,17-05-2021,163.75,495506,164.2,164.87,163.11
313,14-05-2021,164.36,698063,161.71,164.94,161.38
314,13-05-2021,160.9,459554,158.76,161.82,158.76
315,12-05-2021,158.36,1119383,158.87,160.41,156.72
316,11-05-2021,159.73,817210,161.31,161.86,159.12
317,10-05-2021,163.53,622605,165.75,166.79,163.43
318,07-05-2021,164.56,492839,163.85,164.92,163.48
319,06-05-2021,163.58,615080,164.03,164.03,162.13
320,05-05-2021,163.55,777933,163.97,164.25,162.23
321,04-05-2021,163.54,987974,162.51,163.66,159.81
322,03-05-2021,162.49,634345,162.08,163.62,161.02
323,30-04-2021,161.54,514321,161.57,162.32,160.48
324,29-04-2021,161.89,575581,160.82,161.99,159.4
325,28-04-2021,159.65,635536,161.17,161.47,158.71
326,27-04-2021,160.8,663285,159.79,160.87,158.7
327,26-04-2021,160.03,553235,162.81,162.84,159.58
328,23-04-2021,162.47,680033,160.21,163.27,159.56
329,22-04-2021,159.72,642512,160.39,162.34,159.28
330,21-04-2021,159.32,1111095,160.43,161.99,157.09
331,20-04-2021,159.68,1011575,158.92,161.27,158.82
332,19-04-2021,158.63,821741,159.87,159.9,157.46
333,16-04-2021,160.17,1012605,160.92,161.51,159.63
334,15-04-2021,160.05,658852,157.73,161.13,157.73
335,14-04-2021,157.44,552395,156.92,158.72,156.77
336,13-04-2021,157.93,530122,156.39,158.03,155.77
337,12-04-2021,156.09,591369,156.38,157.24,155.69
338,09-04-2021,156.1,588579,154.21,156.36,153.81
339,08-04-2021,153.52,737668,151.89,153.72,151.55
340,07-04-2021,150.78,680288,152.62,152.69,150.06
341,06-04-2021,152.66,483018,151.77,152.98,151.34
342,05-04-2021,152.1,732488,151.0,152.4,150.71
343,01-04-2021,150.85,654806,148.17,151.52,147.69
344,31-03-2021,147.46,888585,147.29,149.18,147.01
345,30-03-2021,147.45,706200,150.61,150.86,147.14
346,29-03-2021,150.84,518716,149.83,151.46,149.15
347,26-03-2021,150.72,620425,146.67,150.8,146.33
348,25-03-2021,146.57,678718,147.52,147.52,145.52
349,24-03-2021,147.33,643395,147.72,148.61,146.78
350,23-03-2021,147.57,1298328,145.85,148.95,145.85
351,22-03-2021,147.12,1218177,145.74,148.19,144.76
352,19-03-2021,145.74,2189654,145.0,146.83,143.79
353,18-03-2021,144.94,1821904,144.06,145.89,142.87
354,17-03-2021,144.02,1687555,144.96,145.77,142.35
355,16-03-2021,145.47,899827,146.06,147.08,144.48
356,15-03-2021,145.99,530884,144.29,146.06,143.1
357,12-03-2021,144.42,463765,144.56,145.09,143.07
358,11-03-2021,144.1,714509,144.9,144.9,142.75
359,10-03-2021,144.55,738575,147.08,147.31,144.44
360,09-03-2021,146.65,1113875,144.86,149.54,144.86
361,08-03-2021,144.99,1741691,144.89,147.52,143.86
362,05-03-2021,144.7,1198607,139.05,145.11,138.5
363,04-03-2021,138.0,1184138,137.63,140.15,135.57
364,03-03-2021,136.71,620873,140.1,140.95,136.55
365,02-03-2021,140.64,619327,141.58,142.21,139.14
366,01-03-2021,141.87,695534,139.68,142.85,139.4
367,26-02-2021,138.29,939465,140.45,140.98,137.8
368,25-02-2021,140.32,646100,142.08,143.55,140.18
369,24-02-2021,141.99,608916,139.81,142.22,138.42
370,23-02-2021,140.34,990100,141.11,141.39,138.86
371,22-02-2021,141.62,910072,143.44,143.44,140.01
372,19-02-2021,144.43,669151,145.19,145.83,144.3
373,18-02-2021,144.88,709647,144.28,145.47,143.63
374,17-02-2021,144.69,778521,143.22,145.11,143.0
375,16-02-2021,143.99,849898,143.05,144.19,141.39
376,12-02-2021,141.99,484922,142.51,143.54,141.83
377,11-02-2021,142.37,466100,143.04,143.24,141.6
378,10-02-2021,142.47,525087,144.0,144.39,141.14
379,09-02-2021,143.13,420634,142.64,143.97,142.02
380,08-02-2021,142.45,493387,143.1,143.84,141.92
381,05-02-2021,142.59,680127,143.82,144.52,141.95
382,04-02-2021,143.57,824146,142.66,145.4,142.3
383,03-02-2021,142.16,879399,142.28,143.1,141.02
384,02-02-2021,142.61,903148,139.13,143.11,138.61
385,01-02-2021,138.61,873357,136.53,139.07,135.5
386,29-01-2021,135.27,1122307,138.1,138.1,134.21
387,28-01-2021,139.03,979749,141.37,143.37,138.96
388,27-01-2021,141.2,1592139,140.49,143.65,137.55
389,26-01-2021,141.13,971532,142.73,143.31,140.49
390,25-01-2021,142.3,836133,140.54,142.82,139.72
391,22-01-2021,140.42,1126985,141.29,141.53,139.22
392,21-01-2021,141.4,692687,144.09,144.4,140.45
393,20-01-2021,143.67,1266978,143.38,144.3,141.5
394,19-01-2021,142.26,896293,142.21,143.0,140.24
395,15-01-2021,140.04,2754167,141.44,142.52,139.38
396,14-01-2021,142.13,959087,143.22,143.27,140.79
397,13-01-2021,142.49,1414480,142.07,143.5,142.0
398,12-01-2021,141.92,946511,140.99,142.68,140.86
399,11-01-2021,140.9,1129180,138.21,141.87,138.0
400,08-01-2021,138.81,787072,135.43,139.14,135.43
401,07-01-2021,136.8,881744,134.94,136.88,134.67
402,06-01-2021,135.4,1022769,132.35,136.49,131.92
403,05-01-2021,131.97,1101815,132.29,133.04,131.54
404,04-01-2021,132.01,1443819,133.73,133.93,130.7
405,31-12-2020,132.74,511377,130.0,132.87,129.48
406,30-12-2020,130.14,399687,129.78,130.53,129.46
407,29-12-2020,129.14,303599,129.65,129.87,128.9
408,28-12-2020,128.85,458683,129.08,129.22,127.92
409,24-12-2020,128.62,191829,127.98,128.74,127.59
410,23-12-2020,127.95,493169,130.49,130.74,127.94
411,22-12-2020,129.9,1041181,127.03,130.38,126.74
412,21-12-2020,128.05,1112400,127.82,128.57,124.28
413,18-12-2020,128.6,1709452,128.19,129.64,127.95
414,17-12-2020,128.5,1051413,127.84,129.47,127.3
415,16-12-2020,127.1,1110395,127.9,128.31,126.71
416,15-12-2020,127.29,851863,124.79,128.37,124.65
417,14-12-2020,124.04,640599,126.72,128.1,123.9
418,11-12-2020,125.67,550572,124.56,125.97,124.01
419,10-12-2020,124.99,702435,125.75,126.36,124.63
420,09-12-2020,126.1,971481,128.89,129.66,124.08
421,08-12-2020,128.65,621371,128.5,129.2,127.3
422,07-12-2020,128.56,1696051,125.46,128.96,125.45
423,04-12-2020,125.3,850148,124.86,127.0,124.68
424,03-12-2020,124.9,1865661,126.87,127.04,123.27
425,02-12-2020,129.36,569322,129.71,130.0,128.25
426,01-12-2020,129.91,730211,127.33,130.4,127.33
427,30-11-2020,127.99,1037599,127.02,128.28,126.43
428,27-11-2020,127.12,517646,126.97,127.51,126.28
429,25-11-2020,127.33,745308,127.19,128.2,127.04
430,24-11-2020,127.27,914070,126.13,127.72,126.05
431,23-11-2020,126.01,708497,126.8,127.47,124.84
432,20-11-2020,126.33,945854,125.19,127.37,124.66
433,19-11-2020,124.76,1111644,124.1,126.7,122.86
434,18-11-2020,122.73,1001354,124.03,124.16,122.23
435,17-11-2020,124.33,991827,125.89,126.05,123.66
436,16-11-2020,125.53,1092943,126.56,126.56,124.13
437,13-11-2020,125.82,773297,127.45,128.21,125.31
438,12-11-2020,126.85,631494,130.27,130.28,126.46
439,11-11-2020,129.79,659001,127.59,131.32,127.53
440,10-11-2020,127.13,1240007,129.27,129.98,126.05
441,09-11-2020,129.68,1014111,139.5,139.5,129.25
442,06-11-2020,133.2,599808,133.22,133.97,131.81
443,05-11-2020,133.21,845567,129.56,133.85,129.56
444,04-11-2020,129.3,686757,126.04,131.53,126.03
445,03-11-2020,124.91,430697,125.08,126.97,124.17
446,02-11-2020,123.18,530388,122.45,124.89,122.26
447,30-10-2020,120.99,820433,121.06,122.98,119.76
448,29-10-2020,122.01,604127,121.73,123.69,120.75
449,28-10-2020,121.73,605368,123.75,124.38,121.02
450,27-10-2020,125.1,532860,127.74,128.3,125.07
451,26-10-2020,127.38,627148,127.76,128.37,126.57
452,23-10-2020,129.12,578725,130.56,130.56,127.43
453,22-10-2020,130.09,602280,133.17,133.17,129.98
454,21-10-2020,132.37,1105913,130.47,134.04,128.0
455,20-10-2020,128.99,884842,127.51,131.08,127.51
456,19-10-2020,127.48,886839,129.71,130.1,127.39
457,16-10-2020,128.87,727510,128.66,129.9,127.88
458,15-10-2020,128.41,410056,126.5,128.44,126.15
459,14-10-2020,127.65,562087,127.3,128.28,127.01
460,13-10-2020,126.38,626764,126.87,126.94,125.34
461,12-10-2020,126.38,423211,125.81,127.32,125.25
462,09-10-2020,125.06,409265,126.02,126.35,124.72
463,08-10-2020,124.6,629999,123.74,124.89,123.32
464,07-10-2020,122.98,870351,123.38,124.8,122.18
465,06-10-2020,123.57,766158,124.99,125.79,123.09
466,05-10-2020,124.87,650708,124.19,124.99,122.7
467,02-10-2020,123.54,714688,122.66,124.67,122.26
468,01-10-2020,123.92,1117297,123.94,124.57,122.87
469,30-09-2020,122.71,1976223,122.08,124.42,121.3
470,29-09-2020,121.38,2659553,125.32,126.36,118.01
471,28-09-2020,125.37,838488,125.86,126.34,123.98
472,25-09-2020,124.03,525102,121.15,124.11,120.69
473,24-09-2020,121.3,586088,119.57,122.27,119.25
474,23-09-2020,119.73,599391,123.72,123.72,119.6
475,22-09-2020,123.32,822221,122.11,123.35,120.26
476,21-09-2020,122.05,909925,120.31,122.83,119.69
477,18-09-2020,122.45,1240479,125.0,125.49,121.79
478,17-09-2020,124.44,869596,125.44,125.44,123.59
479,16-09-2020,127.3,542021,128.1,129.86,127.14
480,15-09-2020,128.16,374122,128.01,128.89,127.29
481,14-09-2020,126.99,796040,126.23,128.15,126.23
482,11-09-2020,125.7,551901,126.08,126.8,124.74
483,10-09-2020,124.91,808299,129.06,129.06,124.72
484,09-09-2020,129.19,654787,128.21,129.92,127.01
485,08-09-2020,126.44,980679,128.81,129.48,126.18
486,04-09-2020,130.29,742773,134.1,134.14,128.6
487,03-09-2020,133.26,842398,137.81,137.81,131.89
488,02-09-2020,137.28,761069,135.32,137.94,135.0
489,01-09-2020,134.82,508680,134.64,134.84,133.29
490,31-08-2020,134.42,1381994,132.53,135.11,132.13
491,28-08-2020,131.84,428314,132.62,132.62,131.43
492,27-08-2020,131.85,508565,133.04,133.28,131.82
493,26-08-2020,132.54,645840,130.41,133.58,130.21
494,25-08-2020,130.1,496757,131.65,132.04,129.75
495,24-08-2020,131.58,692390,130.29,131.69,129.69
496,21-08-2020,129.92,479886,130.38,130.66,129.24
497,20-08-2020,130.46,517943,129.46,131.47,129.46
498,19-08-2020,129.87,585758,130.82,131.02,129.31
499,18-08-2020,130.05,578200,130.29,130.81,129.33
500,17-08-2020,130.31,839071,129.38,130.8,129.0
501,14-08-2020,129.24,678376,130.07,130.63,128.71
502,13-08-2020,130.28,927041,130.01,130.77,129.05
503,12-08-2020,130.42,1055949,131.15,133.05,130.24
504,11-08-2020,130.47,587728,132.0,132.29,130.12
505,10-08-2020,131.53,741022,133.51,133.51,130.57
506,07-08-2020,132.87,727589,129.84,132.88,129.61
507,06-08-2020,130.7,588859,129.78,131.26,129.5
508,05-08-2020,130.36,580606,130.3,130.47,129.04
509,04-08-2020,129.7,467659,130.53,130.77,128.8
510,03-08-2020,130.35,508922,131.84,132.39,129.95
511,31-07-2020,131.31,611859,130.7,131.35,129.01
512,30-07-2020,129.9,552379,129.61,130.38,128.67
513,29-07-2020,131.01,791944,128.77,131.54,128.52
514,28-07-2020,128.15,704568,129.56,129.96,127.4
515,27-07-2020,130.53,952587,130.69,131.2,130.12
516,24-07-2020,130.56,898744,131.29,131.39,129.05
517,23-07-2020,131.41,938191,134.2,135.52,131.0
518,22-07-2020,134.1,1231623,133.01,135.32,131.55
519,21-07-2020,131.01,933431,130.69,131.85,129.49
520,20-07-2020,131.3,790145,128.33,131.67,128.32
521,17-07-2020,128.44,748674,127.7,129.15,127.22
522,16-07-2020,127.03,308114,126.54,127.27,126.01
523,15-07-2020,126.84,534395,126.0,127.36,125.08
524,14-07-2020,124.8,433586,122.99,124.8,122.96
525,13-07-2020,123.0,619831,124.02,126.22,122.94
526,10-07-2020,122.88,468836,121.3,123.0,120.17
527,09-07-2020,120.8,563930,122.27,122.5,119.21
528,08-07-2020,121.7,683045,120.95,122.28,120.46
529,07-07-2020,120.47,463834,120.26,121.79,119.76
530,06-07-2020,121.08,478792,121.49,122.5,120.54
531,02-07-2020,120.06,756594,122.58,123.12,120.0
532,01-07-2020,120.76,602977,119.6,121.61,118.84
533,30-06-2020,119.47,629262,116.83,119.98,116.45
534,29-06-2020,117.55,749124,117.4,117.68,116.18
535,26-06-2020,115.82,1053726,118.12,118.34,115.41
536,25-06-2020,118.69,554924,115.0,118.99,114.66
537,24-06-2020,115.28,626830,118.23,118.32,115.07
538,23-06-2020,118.6,706047,120.22,120.88,118.29
539,22-06-2020,119.71,506432,119.12,120.45,118.13
540,19-06-2020,118.83,983823,120.28,122.15,118.41
541,18-06-2020,119.29,768322,117.74,119.39,116.71
542,17-06-2020,118.13,593174,119.07,119.67,117.91
543,16-06-2020,118.53,755886,118.69,120.0,116.09
544,15-06-2020,117.37,781163,112.54,118.36,112.23
545,12-06-2020,115.15,705462,115.46,115.89,113.13
546,11-06-2020,113.25,866339,118.49,118.87,112.72
547,10-06-2020,120.01,513052,119.57,120.84,119.38
548,09-06-2020,120.09,825896,120.36,121.16,119.15
549,08-06-2020,121.3,959198,119.37,121.61,119.27
550,05-06-2020,119.9,1076059,119.54,120.25,115.33
551,04-06-2020,117.93,601163,119.1,119.37,116.44
552,03-06-2020,119.34,702759,119.97,120.73,118.34
553,02-06-2020,119.24,519186,119.25,119.8,118.28
554,01-06-2020,118.88,929588,119.3,119.87,117.25
555,29-05-2020,118.46,831669,116.32,118.83,115.7
556,28-05-2020,116.37,714262,116.33,117.65,115.57
557,27-05-2020,115.19,845911,117.78,117.99,114.22
558,26-05-2020,116.28,611906,118.42,119.27,116.03
559,22-05-2020,115.34,440672,114.08,115.79,113.83
560,21-05-2020,113.99,722050,113.86,114.7,113.01
561,20-05-2020,114.71,531647,112.99,115.61,112.99
562,19-05-2020,112.63,636473,114.2,115.99,112.42
563,18-05-2020,114.94,865446,114.92,115.91,113.86
564,15-05-2020,112.08,2078513,109.79,112.25,108.67
565,14-05-2020,109.48,793188,107.35,109.67,107.25
566,13-05-2020,108.89,927749,108.52,110.3,107.45
567,12-05-2020,108.5,1070442,110.0,110.49,108.2
568,11-05-2020,109.24,683256,105.98,109.95,105.85
569,08-05-2020,107.59,895102,109.21,109.29,107.08
570,07-05-2020,107.33,633646,106.75,109.22,106.45
571,06-05-2020,105.63,710180,109.77,109.77,105.6
572,05-05-2020,108.83,966469,107.54,109.48,105.94
573,04-05-2020,106.13,722718,105.81,106.63,104.38
574,01-05-2020,106.62,730735,107.0,107.54,105.83
575,30-04-2020,109.67,693843,108.75,111.14,108.32
576,29-04-2020,111.6,826984,112.75,113.23,111.22
577,28-04-2020,111.21,1006246,113.53,114.42,110.65
578,27-04-2020,111.63,922622,107.11,111.89,107.0
579,24-04-2020,105.63,843641,104.77,105.75,102.97
580,23-04-2020,103.85,905068,106.97,106.97,102.82
581,22-04-2020,104.63,1362675,108.5,108.5,102.8
582,21-04-2020,105.27,968382,107.72,108.86,104.76
583,20-04-2020,109.78,922808,109.77,110.88,108.76
584,17-04-2020,111.24,773808,111.1,111.91,109.38
585,16-04-2020,108.31,722799,106.89,108.93,106.5
586,15-04-2020,106.0,829912,106.11,108.11,104.61
587,14-04-2020,107.56,1384606,105.65,107.88,104.27
588,13-04-2020,103.29,805704,105.29,106.99,102.67
589,09-04-2020,107.92,740595,104.78,108.59,104.78
590,08-04-2020,104.13,744873,101.53,104.81,101.23
591,07-04-2020,100.94,1125513,104.72,107.11,100.22
592,06-04-2020,101.59,916794,99.89,102.27,98.07
593,03-04-2020,95.22,851950,94.53,95.92,93.57
594,02-04-2020,93.96,1237053,92.05,94.45,90.33
595,01-04-2020,92.27,1058775,90.12,93.29,90.0
596,31-03-2020,94.95,1515754,99.52,100.4,94.58
597,30-03-2020,99.44,1437366,94.03,99.83,92.81
598,27-03-2020,92.78,1127261,90.04,95.44,89.28
599,26-03-2020,93.82,1699275,88.05,96.09,88.05
600,25-03-2020,86.96,1969122,82.99,91.02,82.28
601,24-03-2020,82.99,1975431,76.91,83.19,76.39
602,23-03-2020,72.86,1794010,80.57,80.57,71.66
603,20-03-2020,80.5,2161498,89.82,89.82,79.67
604,19-03-2020,88.0,1753455,91.77,92.6,85.52
605,18-03-2020,91.57,2265847,90.44,95.49,89.15
606,17-03-2020,95.03,2225360,87.47,95.88,87.0
607,16-03-2020,85.31,1417171,87.0,92.78,83.35
608,13-03-2020,96.05,1680944,93.15,96.37,85.72
609,12-03-2020,88.63,1766554,91.43,93.32,88.3
610,11-03-2020,99.32,1829395,101.86,101.96,97.79
611,10-03-2020,104.7,1989058,108.32,108.79,102.2
612,09-03-2020,105.72,1434162,102.72,108.42,102.46
613,06-03-2020,110.5,1260001,110.87,112.29,107.67
614,05-03-2020,114.1,1645087,112.57,114.59,111.59
615,04-03-2020,116.37,1206509,112.17,116.55,110.5
616,03-03-2020,110.07,1317220,110.74,114.07,109.13
617,02-03-2020,110.12,1264051,103.0,110.35,103.0
618,28-02-2020,102.55,2281039,105.23,105.45,100.47
619,27-02-2020,107.45,1342533,112.0,112.51,107.32
620,26-02-2020,113.02,948139,112.47,114.66,112.47
621,25-02-2020,112.41,963578,114.91,115.32,111.85
622,24-02-2020,114.74,1217761,112.84,115.42,112.39
623,21-02-2020,115.18,2527232,114.24,115.45,113.99
624,20-02-2020,114.49,692278,115.55,115.8,113.32
625,19-02-2020,115.27,726409,115.97,117.33,115.2
626,18-02-2020,115.67,1085103,113.5,116.16,113.13
627,14-02-2020,116.2,530378,114.64,116.25,114.64
628,13-02-2020,114.4,409848,114.17,114.9,113.95
629,12-02-2020,114.06,582609,114.9,115.06,112.94
630,11-02-2020,114.8,462961,115.72,116.68,114.68
631,10-02-2020,115.73,941261,114.12,115.85,114.01
632,07-02-2020,114.33,959451,115.97,116.3,114.24
633,06-02-2020,115.85,910589,117.21,117.23,115.53
634,05-02-2020,116.47,1020182,119.24,119.25,115.9
635,04-02-2020,118.67,867005,118.94,120.23,118.46
636,03-02-2020,117.79,719195,117.28,118.89,117.03
637,31-01-2020,116.46,912291,115.85,116.8,115.55
638,30-01-2020,115.96,990352,115.25,116.12,113.4
639,29-01-2020,115.34,1275157,112.15,115.77,109.76
640,28-01-2020,111.14,1058563,109.83,111.59,109.8
641,27-01-2020,109.78,979580,109.13,110.28,109.0
642,24-01-2020,110.21,695936,109.66,110.29,109.24
643,23-01-2020,109.63,483220,109.05,109.68,108.48
644,22-01-2020,109.14,585913,109.38,109.45,108.22
645,21-01-2020,109.25,733781,109.12,110.15,108.97
646,17-01-2020,109.31,790816,108.46,109.37,108.03
647,16-01-2020,108.31,1085303,108.56,108.64,107.78
648,15-01-2020,107.86,623184,106.4,108.21,106.4
649,14-01-2020,106.55,705150,107.26,107.26,106.33
650,13-01-2020,107.09,394811,107.0,107.53,106.83
651,10-01-2020,106.84,427287,107.75,107.85,106.78
652,09-01-2020,107.35,529956,106.27,107.89,105.99
653,08-01-2020,105.83,1167014,106.51,106.96,105.24
654,07-01-2020,106.42,557770,108.0,108.26,106.39
655,06-01-2020,108.21,718444,107.79,108.26,106.89
656,03-01-2020,108.28,721557,106.98,108.48,106.74
657,02-01-2020,107.82,572358,107.26,107.96,107.17
658,31-12-2019,107.1,308772,107.04,107.56,106.66
659,30-12-2019,107.02,379313,108.12,108.12,106.83
660,27-12-2019,107.99,465468,107.92,108.28,107.54
661,26-12-2019,107.79,241164,106.78,107.8,106.78
662,24-12-2019,106.69,305699,107.08,107.42,106.42
663,23-12-2019,107.17,514827,107.63,107.9,107.03
664,20-12-2019,107.6,861150,107.74,108.0,106.77
665,19-12-2019,107.02,843743,106.34,107.36,106.1
666,18-12-2019,105.92,446087,106.27,106.62,105.65
667,17-12-2019,106.0,700517,105.56,106.29,104.88
668,16-12-2019,105.2,740553,105.17,106.72,105.07
669,13-12-2019,104.48,497942,103.85,104.54,103.47
670,12-12-2019,104.13,417705,103.6,104.48,103.21
671,11-12-2019,103.89,580054,104.53,104.97,103.8
672,10-12-2019,104.61,727044,104.54,104.76,104.29
673,09-12-2019,104.64,496067,105.01,105.11,104.36
674,06-12-2019,105.23,601743,105.02,105.62,104.69
675,05-12-2019,104.67,598794,105.37,105.4,104.41
676,04-12-2019,105.21,604208,104.52,105.63,104.31
677,03-12-2019,104.48,618880,103.96,104.99,103.96
678,02-12-2019,104.46,552546,104.67,104.77,103.76
679,29-11-2019,104.8,264666,104.02,104.87,103.75
680,27-11-2019,104.25,1656660,105.54,105.54,103.81
681,26-11-2019,104.83,534994,104.81,105.19,104.38
682,25-11-2019,104.64,767263,104.79,105.02,104.15
683,22-11-2019,104.37,712068,104.56,105.03,103.42
684,21-11-2019,104.74,774904,105.97,106.23,104.47
685,20-11-2019,105.7,697127,104.98,105.81,104.78
686,19-11-2019,105.07,888223,104.8,105.24,103.78
687,18-11-2019,104.6,972233,103.78,104.68,103.52
688,15-11-2019,103.59,2597184,103.11,104.15,102.83
689,14-11-2019,103.26,804605,103.27,103.31,102.39
690,13-11-2019,103.27,815402,102.05,103.75,101.24
691,12-11-2019,102.45,809438,102.63,102.63,101.3
692,11-11-2019,102.53,825338,100.37,102.58,100.22
693,08-11-2019,100.66,919669,100.31,101.26,100.16
694,07-11-2019,100.53,959297,100.44,100.67,99.16
695,06-11-2019,99.92,678241,98.16,100.08,97.98
696,05-11-2019,98.42,518278,98.92,99.06,97.9
697,04-11-2019,98.59,553739,99.73,99.78,98.53
698,01-11-2019,99.23,543562,100.46,100.46,98.67
699,31-10-2019,99.77,540153,99.74,100.23,98.97
700,30-10-2019,100.06,478533,98.69,100.39,98.13
701,29-10-2019,98.64,446382,98.41,100.19,98.12
702,28-10-2019,98.73,623161,98.67,99.08,98.15
703,25-10-2019,98.43,1021996,99.91,100.49,97.42
704,24-10-2019,100.99,706399,102.0,102.0,100.27
705,23-10-2019,101.31,1365759,99.73,101.56,98.2
706,22-10-2019,97.86,1100439,98.06,98.79,96.62
707,21-10-2019,98.16,662099,99.25,99.25,97.59
708,18-10-2019,98.62,676930,98.38,99.05,97.65
709,17-10-2019,98.33,1102045,98.04,98.47,97.67
710,16-10-2019,98.06,969418,97.61,98.24,96.43
711,15-10-2019,97.92,509840,98.58,99.02,97.78
712,14-10-2019,98.35,468101,99.38,99.66,98.24
713,11-10-2019,99.31,761612,99.75,99.83,98.24
714,10-10-2019,98.56,514769,97.37,98.91,97.02
715,09-10-2019,97.33,582177,97.97,98.26,96.89
716,08-10-2019,97.08,744491,98.64,98.64,96.88
717,07-10-2019,99.01,658049,98.9,99.86,98.05
718,04-10-2019,99.23,542507,97.39,99.34,97.38
719,03-10-2019,97.14,449362,95.53,97.18,95.3
720,02-10-2019,95.74,858180,97.85,97.95,95.63
721,01-10-2019,98.59,567598,99.31,99.33,98.03
722,30-09-2019,99.35,634549,100.22,100.43,99.15
723,27-09-2019,100.08,643556,102.57,102.8,99.76
724,26-09-2019,101.82,443062,102.4,102.4,100.94
725,25-09-2019,102.76,1142852,101.82,103.05,101.13
726,24-09-2019,101.37,1053565,101.32,102.52,100.61
727,23-09-2019,100.25,765577,100.62,101.69,100.06
728,20-09-2019,100.68,631669,101.91,101.98,100.59
729,19-09-2019,101.68,407642,102.49,103.32,101.17
730,18-09-2019,102.62,469824,103.22,103.28,101.27
731,17-09-2019,102.73,1109417,99.89,103.02,99.27
732,16-09-2019,99.28,632065,99.35,100.52,98.47
733,13-09-2019,99.52,569531,99.68,99.89,97.75
734,12-09-2019,99.0,488106,98.29,100.01,98.29
735,11-09-2019,98.18,840296,98.08,98.6,96.73
736,10-09-2019,98.15,780682,102.89,102.89,97.56
737,09-09-2019,102.84,537386,104.79,105.26,102.67
738,06-09-2019,104.26,751608,102.35,104.44,102.15
739,05-09-2019,102.02,608903,100.71,102.11,100.24
740,04-09-2019,99.91,405011,100.02,100.17,99.15
741,03-09-2019,99.53,363904,99.84,100.1,99.02
742,30-08-2019,99.84,385201,100.03,100.39,99.38
743,29-08-2019,99.77,338829,99.64,99.83,98.54
744,28-08-2019,98.53,313673,98.02,98.59,97.3
745,27-08-2019,98.27,494070,99.39,99.39,97.84
746,26-08-2019,98.67,598227,98.24,98.7,97.46
747,23-08-2019,97.52,681424,99.69,100.45,97.0
748,22-08-2019,100.13,419598,99.63,100.42,99.19
749,21-08-2019,99.32,408497,99.5,99.5,98.6
750,20-08-2019,98.91,556589,99.01,99.69,98.45
751,19-08-2019,99.42,621529,98.4,99.68,98.17
752,16-08-2019,97.53,597105,97.38,97.97,96.94
753,15-08-2019,96.98,468563,95.45,97.35,95.36
754,14-08-2019,95.32,560475,96.4,97.5,95.26
755,13-08-2019,97.93,578889,96.27,98.48,96.1
756,12-08-2019,96.58,498515,97.91,98.17,96.57
757,09-08-2019,98.54,586951,97.92,98.97,97.42
758,08-08-2019,98.26,742654,96.79,98.38,96.05
759,07-08-2019,96.12,944983,94.89,96.48,93.46
760,06-08-2019,95.85,765912,95.01,96.14,94.21
761,05-08-2019,94.36,1072679,97.31,97.33,93.95
762,02-08-2019,97.95,775073,97.72,98.47,96.96
763,01-08-2019,97.65,986319,96.2,98.25,96.2
764,31-07-2019,96.37,592404,96.98,97.05,95.85
765,30-07-2019,96.8,591623,96.34,97.08,95.96
766,29-07-2019,96.67,599741,98.09,98.22,96.42
767,26-07-2019,98.06,774002,97.79,98.39,97.38
768,25-07-2019,97.61,1147331,98.23,98.81,97.45
769,24-07-2019,98.22,2170509,99.99,100.24,96.27
770,23-07-2019,100.86,1174644,101.81,102.56,100.44
771,22-07-2019,101.78,730215,100.5,102.39,99.25
772,19-07-2019,101.73,664770,103.14,103.39,101.68
773,18-07-2019,103.14,706376,102.51,103.35,102.21
774,17-07-2019,102.64,803430,103.25,103.57,102.51
775,16-07-2019,103.29,664388,104.45,104.69,103.28
776,15-07-2019,104.22,520655,104.36,104.46,103.6
777,12-07-2019,104.28,532453,104.23,104.62,103.75
778,11-07-2019,104.01,774720,103.04,104.12,102.6
779,10-07-2019,103.02,906376,102.17,103.6,102.17
780,09-07-2019,101.61,458782,100.55,101.67,100.37
781,08-07-2019,100.84,839749,100.91,101.3,100.38
782,05-07-2019,101.05,768721,101.28,101.42,100.11
783,03-07-2019,101.42,1180857,99.23,101.63,99.21
784,02-07-2019,99.66,1400110,97.43,99.89,97.01
785,01-07-2019,97.15,1037455,97.04,97.45,96.42
786,28-06-2019,96.17,904258,96.09,96.78,96.0
787,27-06-2019,96.17,579880,95.16,96.52,95.16
788,26-06-2019,94.61,1366896,98.0,98.08,94.45
789,25-06-2019,98.0,777265,97.08,98.16,96.62
790,24-06-2019,96.87,665354,98.19,98.57,96.3
791,21-06-2019,98.29,977776,97.69,98.73,97.48
792,20-06-2019,97.74,450341,96.99,97.89,96.53
793,19-06-2019,96.51,427977,95.89,96.95,95.44
794,18-06-2019,95.91,517251,95.43,96.33,95.26
795,17-06-2019,95.17,433923,95.93,96.21,95.07
796,14-06-2019,95.71,391269,95.62,95.99,95.0
797,13-06-2019,95.44,478415,95.3,95.52,94.29
798,12-06-2019,95.45,530672,94.96,95.71,94.76
799,11-06-2019,95.26,439613,97.25,97.47,95.13
800,10-06-2019,96.67,433545,96.6,97.11,96.25
801,07-06-2019,96.16,607477,96.05,96.96,95.54
802,06-06-2019,95.89,601058,96.25,96.33,95.34
803,05-06-2019,96.18,976330,93.04,96.32,92.98
804,04-06-2019,92.76,650058,91.5,92.94,91.02
805,03-06-2019,90.71,638626,90.6,91.48,90.17
806,31-05-2019,90.64,541179,90.33,90.99,89.73
807,30-05-2019,90.65,472477,90.6,91.5,90.29
808,29-05-2019,90.34,508491,90.02,90.44,89.62
809,28-05-2019,89.97,671542,90.11,91.25,89.96
810,24-05-2019,90.03,327705,90.42,90.91,89.81
811,23-05-2019,90.02,542456,89.47,90.48,89.18
812,22-05-2019,90.36,591722,90.81,91.05,90.07
813,21-05-2019,91.28,553109,90.88,91.51,90.86
814,20-05-2019,90.26,415921,90.0,90.45,89.8
815,17-05-2019,90.3,822762,90.69,91.06,90.17
816,16-05-2019,90.93,593382,90.87,91.21,90.15
817,15-05-2019,90.76,398492,90.68,91.52,90.26
818,14-05-2019,91.17,590740,91.15,92.19,91.08
819,13-05-2019,90.9,616973,91.32,91.32,90.21
820,10-05-2019,92.51,593735,90.88,92.6,90.4
821,09-05-2019,91.16,400238,90.15,91.38,89.58
822,08-05-2019,90.99,367210,90.81,91.57,90.57
823,07-05-2019,90.9,455391,92.09,92.49,90.45
824,06-05-2019,92.73,391062,91.72,92.92,91.05
825,03-05-2019,92.12,420708,92.61,92.95,92.03
826,02-05-2019,92.26,689838,92.45,92.95,91.98
827,01-05-2019,92.32,716159,92.19,93.32,91.63
828,30-04-2019,92.2,707153,91.44,92.32,91.34
829,29-04-2019,91.45,615222,90.0,91.6,89.84
830,26-04-2019,89.86,791435,89.63,90.09,88.76
831,25-04-2019,89.44,734371,88.85,89.58,88.22
832,24-04-2019,89.18,934402,89.89,91.29,87.97
833,23-04-2019,89.65,1235161,89.76,90.19,89.35
834,22-04-2019,89.73,475460,89.92,90.11,89.3
835,18-04-2019,89.99,556422,90.28,90.56,89.8
836,17-04-2019,90.2,457095,89.81,90.36,89.52
837,16-04-2019,89.75,536764,88.84,89.85,88.46
838,15-04-2019,88.47,368161,87.8,88.67,87.39
839,12-04-2019,87.8,647177,87.76,87.97,86.93
840,11-04-2019,87.03,889620,87.65,87.81,86.52
841,10-04-2019,87.5,600396,87.86,87.94,87.07
842,09-04-2019,87.7,396799,88.34,88.87,87.45
843,08-04-2019,88.76,567432,88.61,89.38,87.99
844,05-04-2019,88.59,780396,89.43,89.48,88.18
845,04-04-2019,89.18,487805,89.3,89.63,88.67
846,03-04-2019,89.3,674048,89.6,89.88,89.0
847,02-04-2019,89.01,674905,88.3,89.09,88.1
848,01-04-2019,88.4,636926,88.23,88.57,87.64
849,29-03-2019,87.49,1221094,87.26,87.83,86.9
850,28-03-2019,86.74,626161,86.22,86.8,85.85
851,27-03-2019,86.1,1093366,85.79,86.22,85.19
852,26-03-2019,85.82,540951,85.36,85.93,84.94
853,25-03-2019,84.91,725651,83.95,85.34,83.95
854,22-03-2019,83.89,725263,83.81,84.33,83.31
855,21-03-2019,84.35,593050,83.08,84.66,83.08
856,20-03-2019,83.36,571033,84.15,84.47,83.2
857,19-03-2019,84.14,518878,84.57,85.3,83.82
858,18-03-2019,84.24,583488,83.8,84.44,83.8
859,15-03-2019,83.55,1149103,84.0,84.6,83.41
860,14-03-2019,83.99,843828,84.72,85.01,83.81
861,13-03-2019,85.05,1062838,84.19,85.97,83.9
862,12-03-2019,83.82,849918,84.35,84.45,83.78
863,11-03-2019,84.02,892601,83.76,84.33,83.74
864,08-03-2019,83.44,1574471,85.23,85.47,82.22
865,07-03-2019,85.97,2419809,87.67,87.67,85.71
866,06-03-2019,87.67,980913,88.96,89.0,87.29
867,05-03-2019,88.74,827057,90.15,90.3,88.4
868,04-03-2019,90.15,790771,92.17,92.49,89.59
869,01-03-2019,91.99,663598,92.21,92.51,91.65
870,28-02-2019,91.57,647855,90.87,91.59,90.87
871,27-02-2019,90.8,1046610,90.86,91.4,90.72
872,26-02-2019,91.1,1241699,90.15,91.24,90.0
873,25-02-2019,90.14,1232393,89.42,90.56,89.41
874,22-02-2019,89.04,685962,88.1,89.1,88.1
875,21-02-2019,88.07,960466,88.16,88.25,87.65
876,20-02-2019,88.08,755046,87.75,88.09,87.22
877,19-02-2019,87.82,702445,87.47,88.19,87.43
878,15-02-2019,87.76,878822,87.57,87.78,86.95
879,14-02-2019,87.16,1292842,87.23,88.94,86.53
880,13-02-2019,87.99,562604,87.83,88.32,87.68
881,12-02-2019,87.57,498870,86.99,87.81,86.92
882,11-02-2019,86.7,556890,87.28,87.39,86.39
883,08-02-2019,87.06,523608,86.56,87.09,85.82
884,07-02-2019,86.82,610276,86.53,86.91,85.77
885,06-02-2019,86.93,478913,86.88,87.12,86.46
886,05-02-2019,86.81,684668,87.06,87.06,86.11
887,04-02-2019,86.96,818540,87.41,87.44,85.89
888,01-02-2019,87.38,715382,88.04,88.69,86.85
889,31-01-2019,88.04,790790,86.38,88.16,86.1
890,30-01-2019,86.69,1365143,85.03,87.98,83.91
891,29-01-2019,85.81,1294776,86.15,86.37,85.42
892,28-01-2019,86.07,591573,85.11,86.08,84.71
893,25-01-2019,85.69,759631,85.7,86.11,85.19
894,24-01-2019,84.99,1004086,84.48,85.08,84.23
895,23-01-2019,84.73,731685,83.54,84.83,83.39
896,22-01-2019,83.4,987390,83.01,83.84,82.38
897,18-01-2019,83.14,684820,82.9,83.81,82.44
898,17-01-2019,82.44,628826,82.95,83.3,82.14
899,16-01-2019,82.96,939475,81.4,83.17,81.01
900,15-01-2019,81.04,460904,80.36,81.27,80.36
901,14-01-2019,80.53,717178,80.05,80.89,80.05
902,11-01-2019,80.7,731013,80.0,80.8,79.59
903,10-01-2019,80.55,723283,79.83,80.68,79.16
904,09-01-2019,79.97,896552,80.01,80.56,79.48
905,08-01-2019,79.58,1105395,80.37,80.98,78.9
906,07-01-2019,79.81,1406475,79.97,80.96,79.04
907,04-01-2019,81.95,1382027,80.03,82.35,79.36
908,03-01-2019,78.82,1058077,81.92,81.92,78.66
909,02-01-2019,81.0,822436,80.6,82.02,80.57
910,31-12-2018,81.57,458131,80.92,82.05,80.55
911,28-12-2018,80.53,966772,81.13,81.85,79.6
912,27-12-2018,80.69,844290,78.47,80.7,77.82
913,26-12-2018,79.27,799438,77.32,79.3,75.49
914,24-12-2018,76.75,568988,78.43,78.89,76.67
915,21-12-2018,79.51,1664851,80.67,82.49,79.48
916,20-12-2018,81.01,964282,82.85,83.2,80.53
917,19-12-2018,83.01,1017404,83.99,84.97,82.41
918,18-12-2018,83.74,1005670,85.75,86.42,83.43
919,17-12-2018,85.25,876581,86.3,86.51,85.03
920,14-12-2018,86.54,535862,86.72,87.34,86.01
921,13-12-2018,87.02,584859,87.41,87.68,86.4
922,12-12-2018,87.49,560252,88.16,88.72,87.41
923,11-12-2018,87.31,858245,88.26,89.62,87.24
924,10-12-2018,87.1,1033451,87.36,87.36,85.11
925,07-12-2018,87.36,1167414,89.95,90.11,87.17
926,06-12-2018,89.89,1715842,89.61,90.19,88.74
927,04-12-2018,90.4,999176,92.59,92.96,90.1
928,03-12-2018,92.65,900657,92.37,93.14,91.96
929,30-11-2018,91.32,930381,90.33,91.62,90.04
930,29-11-2018,90.39,740688,89.8,91.38,89.11
931,28-11-2018,89.93,1198184,89.89,90.21,88.66
932,27-11-2018,89.46,1040935,89.15,89.88,88.85
933,26-11-2018,89.43,1211417,88.6,89.65,88.52
934,23-11-2018,87.86,652672,87.0,88.15,86.32
935,21-11-2018,87.26,1222686,88.09,88.09,86.99
936,20-11-2018,87.43,1186830,88.25,88.25,86.33
937,19-11-2018,88.99,1012456,88.67,89.32,88.43
938,16-11-2018,88.74,998382,87.72,89.0,87.2
939,15-11-2018,88.08,957960,85.91,88.19,85.22
940,14-11-2018,85.89,1479122,89.14,89.72,85.64
941,13-11-2018,88.65,1055822,88.71,89.35,88.13
942,12-11-2018,88.6,767803,90.38,90.55,88.32
943,09-11-2018,90.4,699096,90.94,91.31,89.6
944,08-11-2018,91.34,670632,90.01,91.45,90.01
945,07-11-2018,90.76,1037883,90.16,90.96,89.69
946,06-11-2018,89.61,829253,88.48,89.73,88.47
947,05-11-2018,88.76,817570,87.14,88.83,87.08
948,02-11-2018,87.0,738810,87.4,87.87,86.14
949,01-11-2018,87.0,1087773,86.57,87.48,85.94
950,31-10-2018,86.71,1160040,86.44,87.13,86.13
951,30-10-2018,85.83,1180541,84.47,85.94,83.68
952,29-10-2018,84.08,1393173,84.37,85.07,83.1
953,26-10-2018,83.51,1429449,83.0,84.15,82.13
954,25-10-2018,83.59,1788006,81.75,84.03,81.08
955,24-10-2018,81.49,2334681,81.21,82.86,79.99
956,23-10-2018,81.65,1851270,79.47,81.85,79.47
957,22-10-2018,81.01,952355,81.07,81.71,80.84
958,19-10-2018,80.72,666063,80.15,81.2,79.81
959,18-10-2018,79.96,829023,80.63,81.52,79.8
960,17-10-2018,80.63,2256206,81.16,81.36,79.31
961,16-10-2018,81.93,808249,80.71,82.27,80.39
962,15-10-2018,80.01,1045446,79.91,80.68,79.79
963,12-10-2018,80.02,1206422,82.88,82.88,79.09
964,11-10-2018,79.65,2048813,81.59,82.29,78.97
965,10-10-2018,81.97,929002,84.24,84.66,81.86
966,09-10-2018,84.45,658434,84.7,84.99,83.41
967,08-10-2018,84.94,599342,85.43,85.55,84.13
968,05-10-2018,85.53,601965,86.03,86.46,85.18
969,04-10-2018,85.83,932879,85.67,86.9,85.4
970,03-10-2018,85.76,903921,86.43,86.48,85.31
971,02-10-2018,85.92,1207684,87.06,87.13,85.44
972,01-10-2018,87.13,1008918,86.41,87.36,85.88
973,28-09-2018,85.8,998791,86.22,86.58,85.73
974,27-09-2018,86.45,1114091,86.21,86.78,86.07
975,26-09-2018,85.92,1379096,87.55,88.09,85.84
976,25-09-2018,87.68,1284913,90.01,90.08,87.64
977,24-09-2018,89.89,715255,90.3,90.34,89.74
978,21-09-2018,90.55,1322173,90.12,90.76,89.67
979,20-09-2018,89.85,873744,90.34,90.81,89.33
980,19-09-2018,89.97,859509,89.68,90.3,88.93
981,18-09-2018,90.09,834936,89.13,90.13,89.13
982,17-09-2018,89.12,1029123,90.75,90.75,88.99
983,14-09-2018,90.73,502342,91.53,91.93,90.66
984,13-09-2018,91.85,653769,91.76,91.96,90.9
985,12-09-2018,91.52,824812,93.82,94.14,91.34
986,11-09-2018,93.76,480764,93.14,94.16,92.8
987,10-09-2018,93.4,469728,93.36,94.1,93.19
988,07-09-2018,93.15,556035,93.07,93.7,92.8
989,06-09-2018,93.08,751718,94.42,94.98,92.97
990,05-09-2018,94.5,941778,96.58,96.84,94.25
991,04-09-2018,96.74,890917,95.51,96.76,95.47
992,31-08-2018,95.44,803981,94.42,95.56,93.99
993,30-08-2018,94.5,460464,94.71,94.81,94.29
994,29-08-2018,94.85,504959,95.06,95.39,94.53
995,28-08-2018,95.1,507929,95.17,95.93,94.99
996,27-08-2018,95.02,668180,94.83,95.77,94.83
997,24-08-2018,94.73,698174,93.35,94.96,93.24
998,23-08-2018,93.31,438737,92.84,93.56,92.84
999,22-08-2018,92.86,459622,92.22,92.99,91.91
1000,21-08-2018,92.53,631355,93.19,93.36,92.42
1001,20-08-2018,93.16,412647,92.9,93.36,92.8
1002,17-08-2018,93.04,526393,92.69,93.12,92.22
1003,16-08-2018,92.69,411134,92.99,93.2,92.2
1004,15-08-2018,92.1,582872,92.07,93.06,91.82
1005,14-08-2018,92.56,603110,92.22,92.73,92.18
1006,13-08-2018,92.0,472922,92.24,93.35,91.5
1007,10-08-2018,92.12,444464,92.21,93.59,91.64
1008,09-08-2018,92.82,418961,93.0,93.62,92.64
1009,08-08-2018,92.96,499145,93.47,93.62,92.81
1010,07-08-2018,93.35,745418,92.33,93.57,92.18
1011,06-08-2018,91.94,478435,91.4,92.01,91.31
1012,03-08-2018,91.49,586321,91.75,91.97,90.93
1013,02-08-2018,91.75,736808,90.9,92.18,90.58
1014,01-08-2018,91.39,848968,91.61,92.93,91.36
1015,31-07-2018,91.4,1315872,93.07,93.54,90.57
1016,30-07-2018,92.51,1272510,95.76,95.82,92.33
1017,27-07-2018,95.68,1246831,94.34,95.89,94.34
1018,26-07-2018,94.06,911075,94.07,94.61,93.87
1019,25-07-2018,94.11,1204747,94.0,94.29,92.31
1020,24-07-2018,95.23,1213668,95.66,95.66,95.05
1021,23-07-2018,95.51,750845,94.8,95.55,94.75
1022,20-07-2018,95.0,484881,94.73,95.08,94.3
1023,19-07-2018,95.0,564138,95.14,95.88,94.9
1024,18-07-2018,95.59,524919,94.52,95.65,94.4
1025,17-07-2018,94.45,604858,93.55,94.5,93.32
1026,16-07-2018,93.89,492169,93.16,94.41,93.16
1027,13-07-2018,93.11,606666,93.23,93.52,92.67
1028,12-07-2018,93.37,1184369,91.94,93.57,91.83
1029,11-07-2018,91.38,731170,90.31,91.57,90.31
1030,10-07-2018,90.76,800619,90.78,91.44,90.63
1031,09-07-2018,91.18,733706,90.4,91.53,90.4
1032,06-07-2018,90.11,791665,90.36,90.71,89.7
1033,05-07-2018,90.33,616626,90.32,90.88,89.76
1034,03-07-2018,90.14,505302,92.92,92.92,89.99
1035,02-07-2018,91.67,496386,91.29,92.47,90.8
1036,29-06-2018,91.27,868684,91.84,92.57,91.24
1037,28-06-2018,91.55,831284,91.09,91.85,90.66
1038,27-06-2018,91.12,925877,91.9,92.69,91.05
1039,26-06-2018,91.65,840537,91.71,92.29,91.24
1040,25-06-2018,91.87,1220382,93.14,93.63,91.1
1041,22-06-2018,93.6,1357135,94.37,94.51,93.17
1042,21-06-2018,94.13,1055717,94.11,94.68,93.17
1043,20-06-2018,93.89,1058612,94.31,94.67,93.82
1044,19-06-2018,93.99,874371,93.67,94.07,93.21
1045,18-06-2018,94.21,752581,94.4,94.86,94.12
1046,15-06-2018,94.92,853877,94.57,95.1,94.01
1047,14-06-2018,94.77,493811,95.39,95.79,94.65
1048,13-06-2018,95.31,688207,95.4,96.19,95.2
1049,12-06-2018,95.32,646498,95.37,95.6,94.74
1050,11-06-2018,95.11,514413,95.28,95.59,95.03
1051,08-06-2018,95.13,904713,95.26,95.39,92.77
1052,07-06-2018,95.23,1271955,94.74,95.71,94.71
1053,06-06-2018,94.87,1154034,93.49,94.92,93.34
1054,05-06-2018,93.3,960997,93.21,93.69,92.82
1055,04-06-2018,93.11,1577134,92.5,93.41,92.33
1056,01-06-2018,92.09,1598551,92.64,93.02,91.85
1057,31-05-2018,91.86,1274730,93.29,93.98,91.65
1058,30-05-2018,93.44,1407929,92.87,94.33,92.77
1059,29-05-2018,92.2,902534,92.23,92.88,91.61
1060,25-05-2018,92.78,889153,92.42,92.9,92.07
1061,24-05-2018,92.61,1390244,91.77,92.72,91.08
1062,23-05-2018,91.89,661631,91.06,91.93,90.75
1063,22-05-2018,91.51,978950,91.22,91.94,90.5
1064,21-05-2018,91.21,475639,90.32,91.36,90.32
1065,18-05-2018,90.07,994341,90.4,90.61,90.02
1066,17-05-2018,90.57,509624,89.97,90.71,89.69
1067,16-05-2018,90.24,683529,89.95,90.71,89.38
1068,15-05-2018,89.95,805704,90.06,90.97,89.75
1069,14-05-2018,90.4,719745,90.8,91.21,90.04
1070,11-05-2018,90.54,598807,90.37,90.89,90.16
1071,10-05-2018,90.37,715429,90.11,90.96,89.79
1072,09-05-2018,90.09,640012,88.51,90.33,88.04
1073,08-05-2018,88.36,882497,88.72,89.11,88.24
1074,07-05-2018,88.66,1016658,87.72,88.98,87.6
1075,04-05-2018,87.7,1009504,85.77,88.13,85.58
1076,03-05-2018,86.01,1745697,87.65,88.18,84.96
1077,02-05-2018,87.91,1319420,88.51,89.3,87.5
1078,01-05-2018,89.01,687707,88.01,89.06,87.96
1079,30-04-2018,88.32,855851,88.9,89.76,88.32
1080,27-04-2018,88.8,1017644,88.32,88.95,87.75
1081,26-04-2018,88.16,1368556,88.35,88.68,87.42
1082,25-04-2018,87.79,1071456,86.32,87.97,85.87
1083,24-04-2018,86.25,1758773,87.32,87.66,85.85
1084,23-04-2018,86.95,758939,87.42,87.59,86.39
1085,20-04-2018,87.42,1024645,87.0,87.66,86.75
1086,19-04-2018,86.94,670160,85.94,87.23,85.73
1087,18-04-2018,85.65,853256,86.35,86.35,85.6
1088,17-04-2018,85.9,1326529,86.48,86.84,85.77
1089,16-04-2018,85.98,773812,86.5,86.98,85.81
1090,13-04-2018,85.93,566394,86.82,86.93,85.69
1091,12-04-2018,86.62,828563,85.56,87.03,85.56
1092,11-04-2018,85.75,762716,85.33,86.22,85.16
1093,10-04-2018,85.95,795013,86.14,86.41,85.03
1094,09-04-2018,85.29,599385,85.46,86.66,84.96
1095,06-04-2018,85.2,919033,85.9,86.19,84.49
1096,05-04-2018,86.31,1041184,86.5,86.94,86.01
1097,04-04-2018,86.22,1030817,85.41,86.4,85.14
1098,03-04-2018,86.65,1639013,85.58,86.71,85.1
1099,02-04-2018,85.53,1623440,86.22,86.41,84.46
1100,29-03-2018,86.22,1435808,84.37,86.61,84.02
1101,28-03-2018,83.49,1489345,81.94,84.73,81.94
1102,27-03-2018,81.92,1379840,83.71,84.46,81.39
1103,26-03-2018,83.5,820044,81.94,83.71,81.77
1104,23-03-2018,80.72,651019,82.21,82.65,80.62
1105,22-03-2018,82.02,680794,83.61,84.13,81.92
1106,21-03-2018,84.21,544465,84.12,84.89,83.99
1107,20-03-2018,84.15,908760,84.01,84.74,83.73
1108,19-03-2018,83.62,490083,83.92,84.2,82.86
1109,16-03-2018,83.97,884869,84.19,84.49,83.56
1110,15-03-2018,84.08,658238,84.36,84.36,83.54
1111,14-03-2018,84.37,548614,85.6,85.64,84.1
1112,13-03-2018,85.25,478748,86.47,86.47,85.02
1113,12-03-2018,85.89,829247,86.72,87.0,85.18
1114,09-03-2018,86.53,680542,85.41,86.67,85.09
1115,08-03-2018,84.86,631342,84.22,85.01,83.64
1116,07-03-2018,83.95,555025,83.05,84.11,83.03
1117,06-03-2018,83.91,1209708,82.57,84.47,82.04
1118,05-03-2018,81.77,528173,80.19,81.94,79.99
1119,02-03-2018,80.59,461168,79.28,80.78,79.05
1120,01-03-2018,79.6,657376,81.0,81.0,79.22
1121,28-02-2018,80.75,695160,82.13,82.71,80.74
1122,27-02-2018,81.69,1047744,81.74,82.54,81.23
1123,26-02-2018,81.66,1130688,81.08,81.72,80.66
1124,23-02-2018,80.48,1437628,78.66,80.5,78.52
1125,22-02-2018,78.2,487798,79.32,79.66,77.96
1126,21-02-2018,79.12,872676,79.06,80.66,78.84
1127,20-02-2018,78.8,1154061,78.85,80.44,78.55
1128,16-02-2018,79.02,1073955,79.92,80.3,78.86
1129,15-02-2018,80.38,852486,80.44,80.68,78.6
1130,14-02-2018,79.76,1245868,78.2,79.86,77.9
1131,13-02-2018,78.5,742644,77.38,78.66,77.06
1132,12-02-2018,77.56,1133618,77.05,78.14,77.04
1133,09-02-2018,76.11,1647379,75.22,76.66,73.83
1134,08-02-2018,75.21,1629638,77.17,77.93,74.8
1135,07-02-2018,77.27,1445016,77.52,78.65,77.24
1136,06-02-2018,77.72,2873978,74.91,78.01,72.98
1137,05-02-2018,77.47,2086953,79.59,80.98,77.2
1138,02-02-2018,80.34,1496022,81.04,81.8,80.28
1139,01-02-2018,81.37,1165154,80.31,82.16,80.15
1140,31-01-2018,80.91,1741678,82.05,83.29,80.53
1141,30-01-2018,81.85,1429295,81.49,82.22,81.37
1142,29-01-2018,81.65,1568323,81.36,82.34,81.26
1143,26-01-2018,81.36,446925,81.4,81.4,80.77
1144,25-01-2018,81.18,661013,81.28,81.85,80.85
1145,24-01-2018,81.17,715856,80.52,81.32,79.93
1146,23-01-2018,80.21,477113,80.69,80.85,79.79
1147,22-01-2018,80.63,813319,80.4,80.66,80.11
1148,19-01-2018,80.07,671309,79.96,80.34,79.83
1149,18-01-2018,79.83,1722601,80.2,80.24,78.9
1150,17-01-2018,80.46,681022,80.83,80.83,80.32
1151,16-01-2018,80.42,709877,81.88,82.15,80.23
1152,12-01-2018,81.43,924111,80.71,81.55,80.26
1153,11-01-2018,80.46,726584,81.3,81.3,79.96
1154,10-01-2018,81.23,929548,80.4,81.38,80.14
1155,09-01-2018,80.17,571920,80.15,80.75,80.09
1156,08-01-2018,79.96,848238,79.26,80.53,79.2
1157,05-01-2018,79.21,933470,79.01,79.55,78.7
1158,04-01-2018,78.69,980978,77.64,78.96,77.54
1159,03-01-2018,77.66,1013675,76.64,77.87,76.58
1160,02-01-2018,76.74,1120667,77.15,77.32,76.48
1161,29-12-2017,76.83,923380,76.8,77.17,76.6
1162,28-12-2017,76.67,400997,76.35,76.74,76.3
1163,27-12-2017,76.34,662766,76.18,76.83,76.03
1164,26-12-2017,76.13,520790,76.25,76.25,75.84
1165,22-12-2017,76.09,780101,75.61,76.13,75.35
1166,21-12-2017,75.4,784787,75.29,75.71,75.13
1167,20-12-2017,75.05,861910,76.38,76.72,74.95
1168,19-12-2017,76.11,1021765,77.07,77.32,76.01
1169,18-12-2017,76.97,772113,77.85,77.9,76.85
1170,15-12-2017,77.51,1306538,77.94,78.11,77.32
1171,14-12-2017,77.47,567165,78.1,78.49,77.36
1172,13-12-2017,78.21,695325,79.26,79.5,78.13
1173,12-12-2017,79.27,703378,79.21,79.63,78.84
1174,11-12-2017,79.22,907670,79.2,80.14,78.99
1175,08-12-2017,78.78,667188,77.94,78.81,77.48
1176,07-12-2017,77.79,1103887,78.38,78.54,76.76
1177,06-12-2017,78.32,686035,78.74,79.17,78.13
1178,05-12-2017,78.51,841984,78.9,79.14,78.21
1179,04-12-2017,78.93,1146562,80.0,80.0,78.69
1180,01-12-2017,79.26,728818,79.46,79.72,78.75
1181,30-11-2017,79.16,1092933,78.98,79.85,78.7
1182,29-11-2017,78.56,1347500,78.55,79.68,78.31
1183,28-11-2017,78.34,979510,77.45,78.42,77.09
1184,27-11-2017,77.23,405621,77.48,77.74,77.08
1185,24-11-2017,77.25,236584,77.3,77.43,77.08
1186,22-11-2017,77.17,746625,77.37,77.37,76.97
1187,21-11-2017,77.24,767220,77.13,77.37,76.93
1188,20-11-2017,76.89,1047981,75.95,77.15,75.95
1189,17-11-2017,75.95,1044407,76.0,76.18,75.76
1190,16-11-2017,75.97,884164,76.0,76.24,75.79
1191,15-11-2017,75.93,1292277,75.93,76.44,75.65
1192,14-11-2017,75.97,1073809,75.31,76.01,75.03
1193,13-11-2017,75.41,1349540,73.64,75.89,73.32
1194,10-11-2017,73.57,1196044,73.45,73.76,72.95
1195,09-11-2017,73.73,1001399,72.56,73.79,72.15
1196,08-11-2017,72.74,633580,72.12,72.91,71.95
1197,07-11-2017,72.02,1211322,71.8,72.77,71.65
1198,06-11-2017,71.97,627327,72.22,72.46,71.83
1199,03-11-2017,72.4,686543,73.09,73.14,72.33
1200,02-11-2017,73.17,1064648,72.34,73.43,72.07
1201,01-11-2017,72.41,725117,73.02,73.02,72.36
1202,31-10-2017,72.65,1027135,72.4,72.84,71.95
1203,30-10-2017,72.4,1894939,72.29,73.13,72.06
1204,27-10-2017,72.34,1321358,72.66,72.66,71.77
1205,26-10-2017,72.29,1464437,72.61,72.87,72.01
1206,25-10-2017,72.44,1951051,72.71,73.62,72.35
1207,24-10-2017,73.45,1323288,73.75,73.94,73.24
1208,23-10-2017,73.49,1300540,72.88,73.58,72.63
1209,20-10-2017,72.92,1934448,73.02,73.47,72.2
1210,19-10-2017,72.94,1992806,73.93,74.04,72.41
1211,18-10-2017,74.6,1691949,74.68,74.92,74.2
1212,17-10-2017,74.71,979752,74.19,74.91,73.98
1213,16-10-2017,74.11,910306,74.34,74.5,73.75
1214,13-10-2017,74.34,1148782,74.8,74.95,74.1
1215,12-10-2017,74.91,1308733,75.71,75.75,74.72
1216,11-10-2017,75.63,1326391,74.66,75.69,74.38
1217,10-10-2017,74.56,1245262,74.34,74.79,73.64
1218,09-10-2017,74.5,2026358,73.5,75.3,73.43
1219,06-10-2017,73.9,2586214,77.73,77.85,73.71
1220,05-10-2017,77.65,708325,77.73,78.07,77.42
1221,04-10-2017,77.57,678632,77.54,77.65,77.11
1222,03-10-2017,77.75,856933,77.62,78.0,77.15
1223,02-10-2017,77.79,693255,77.67,77.82,77.15
1224,29-09-2017,77.57,571404,77.57,77.83,77.01
1225,28-09-2017,77.63,700083,77.1,78.31,76.98
1226,27-09-2017,77.13,577291,76.86,77.46,76.7
1227,26-09-2017,76.37,517419,77.47,77.5,76.33
1228,25-09-2017,77.12,886310,76.43,77.15,75.9
1229,22-09-2017,76.42,471519,76.08,76.67,75.91
1230,21-09-2017,76.1,846265,76.83,76.83,75.38
1231,20-09-2017,76.74,1074551,75.89,76.89,75.66
1232,19-09-2017,76.32,879382,75.28,76.44,75.27
1233,18-09-2017,75.09,973816,74.81,75.28,74.61
1234,15-09-2017,74.75,1417068,74.73,75.2,74.41
1235,14-09-2017,74.7,1198266,74.34,74.74,74.3
1236,13-09-2017,74.74,645010,74.91,75.09,74.5
1237,12-09-2017,75.03,536376,73.9,75.04,73.77
1238,11-09-2017,74.17,1443236,74.64,75.16,74.06
1239,08-09-2017,74.35,843504,73.75,74.75,73.75
1240,07-09-2017,73.72,1097959,74.22,74.35,73.35
1241,06-09-2017,74.19,769996,74.64,75.08,74.15
1242,05-09-2017,74.38,1142468,75.37,75.37,73.7
1243,01-09-2017,75.37,550552,75.48,75.69,75.19
1244,31-08-2017,75.38,587548,75.17,75.76,75.17
1245,30-08-2017,75.08,585789,75.15,75.53,75.05
1246,29-08-2017,75.21,766268,75.13,75.38,74.87
1247,28-08-2017,75.63,546231,76.0,76.15,75.38
1248,25-08-2017,75.75,560380,75.25,76.15,75.25
1249,24-08-2017,74.94,854646,75.9,75.9,74.91
1250,23-08-2017,75.69,690247,76.13,76.13,75.61
1251,22-08-2017,76.44,693772,75.58,76.67,75.42
1252,21-08-2017,75.29,920727,74.9,75.44,74.67
1253,18-08-2017,74.91,1539391,76.13,76.2,74.62
1254,17-08-2017,76.28,551857,77.05,77.44,76.19
1255,16-08-2017,77.12,601729,77.3,77.75,77.03
1256,15-08-2017,77.0,782613,77.09,77.2,76.83
1257,14-08-2017,76.8,706463,75.96,76.91,75.94
